trans_date_trans_time,cc_num,merchant,category,amt,first,last,gender,street,city,state,zip,lat,long,city_pop,job,dob,trans_num,unix_time,merch_lat,merch_long,is_fraud
2020-01-01 00:44:49,9416536213861522,legit_Store,shopping_net,36.42,Sample,User,F,1 Main St,Springfield,FL,21443,37.8898,-81.134,385578,Analyst,1981-09-28,t000000,1577839489,37.5844,-81.1999,0
2020-01-01 01:46:32,8088000790853405,legit_Store,food_dining,25.44,Sample,User,M,1 Main St,Springfield,FL,74697,46.5526,-81.7775,2935229,Analyst,2014-09-10,t000001,1577843192,46.851,-81.769,0
2020-01-01 02:23:29,1138743822553442,legit_Store,grocery_pos,88.57,Sample,User,F,1 Main St,Springfield,WA,98127,39.0026,-87.9519,2567144,Analyst,1975-04-12,t000002,1577845409,39.3414,-87.7876,0
2020-01-01 03:19:28,6814177925448492,legit_Store,shopping_net,40.23,Sample,User,F,1 Main St,Springfield,FL,18707,36.8751,-85.3082,1679953,Analyst,1986-10-01,t000003,1577848768,36.714,-84.8202,0
2020-01-01 05:46:15,3028210908533207,legit_Store,grocery_pos,46.05,Sample,User,M,1 Main St,Springfield,TX,21982,38.9689,-109.029,2323854,Analyst,1993-09-13,t000004,1577857575,38.3281,-108.9733,0
2020-01-01 06:28:48,7485271270668504,legit_Store,travel,43.07,Sample,User,F,1 Main St,Springfield,CA,88208,35.9616,-90.5394,1467584,Analyst,2018-03-08,t000005,1577860128,35.7592,-90.8122,0
2020-01-01 06:49:39,5612453486702081,legit_Store,entertainment,85.21,Sample,User,M,1 Main St,Springfield,TX,19765,45.3989,-120.137,1804341,Analyst,2010-04-13,t000006,1577861379,45.5633,-120.6825,0
2020-01-01 07:49:08,8778151487528435,legit_Store,gas_transport,19.35,Sample,User,F,1 Main St,Springfield,NY,76930,38.0564,-112.3524,2753710,Analyst,2016-02-23,t000007,1577864948,38.0364,-112.1463,0
2020-01-01 10:31:58,5257682981261171,legit_Store,shopping_net,91.62,Sample,User,M,1 Main St,Springfield,NY,81750,42.2116,-76.3183,236754,Analyst,1985-04-15,t000008,1577874718,42.2657,-76.579,0
2020-01-01 10:36:06,3263762355399028,legit_Store,grocery_pos,72.23,Sample,User,M,1 Main St,Springfield,WA,38181,38.4467,-85.7775,1055710,Analyst,1983-03-16,t000009,1577874966,38.2897,-85.5174,0
2020-01-01 10:48:36,2148643081502707,legit_Store,food_dining,155.89,Sample,User,M,1 Main St,Springfield,TX,36249,45.6242,-110.697,357985,Analyst,1998-02-27,t000010,1577875716,45.9285,-110.2778,0
2020-01-01 13:20:02,9284062461317298,legit_Store,gas_transport,56.8,Sample,User,M,1 Main St,Springfield,WA,56928,41.9933,-116.5422,2385197,Analyst,1986-10-14,t000011,1577884802,42.0963,-117.0055,0
2020-01-01 15:26:52,7890921505852024,legit_Store,entertainment,20.69,Sample,User,M,1 Main St,Springfield,CA,55587,39.8355,-75.5029,2467914,Analyst,1970-10-12,t000012,1577892412,40.0115,-75.3368,0
2020-01-01 17:42:57,5139687185153460,legit_Store,grocery_pos,57.27,Sample,User,M,1 Main St,Springfield,IL,87410,34.85,-116.5028,2165707,Analyst,2010-01-10,t000013,1577900577,34.8977,-116.115,0
2020-01-01 17:57:23,3990107358663351,legit_Store,gas_transport,62.59,Sample,User,M,1 Main St,Springfield,TX,63312,45.6268,-109.4036,1827200,Analyst,1974-09-04,t000014,1577901443,45.7841,-109.0979,0
2020-01-01 20:04:05,5146285820020347,legit_Store,travel,112.74,Sample,User,M,1 Main St,Springfield,NY,97130,40.6554,-113.0509,1431812,Analyst,1979-08-22,t000015,1577909045,40.793,-113.6798,0
2020-01-01 21:08:35,6728159149816614,legit_Store,misc_net,20.64,Sample,User,M,1 Main St,Springfield,TX,31592,36.9907,-121.6343,71487,Analyst,2016-06-26,t000016,1577912915,36.7123,-121.8904,0
2020-01-01 23:52:29,9248879179845191,legit_Store,grocery_pos,11.53,Sample,User,M,1 Main St,Springfield,IL,35296,45.291,-106.6074,2324121,Analyst,2006-01-27,t000017,1577922749,45.4029,-106.9915,0
2020-01-02 01:26:34,9941331295964880,legit_Store,entertainment,58.15,Sample,User,F,1 Main St,Springfield,WA,31695,33.7622,-74.2652,2682074,Analyst,2001-08-30,t000018,1577928394,33.9996,-74.1082,0
2020-01-02 01:41:05,2148643081502707,legit_Store,gas_transport,160.36,Sample,User,M,1 Main St,Springfield,NY,68549,37.3971,-105.2467,2897369,Analyst,1976-05-13,t000019,1577929265,37.7436,-105.1227,0
2020-01-02 02:09:04,5852979641773284,fraud_Kirlin,entertainment,69.03,Sample,User,F,1 Main St,Springfield,IL,13015,40.5156,-97.2891,1026210,Analyst,1982-05-11,t000020,1577930944,41.9051,-96.486,1
2020-01-02 03:24:33,1795362069921523,legit_Store,food_dining,83.12,Sample,User,F,1 Main St,Springfield,CA,87421,37.7574,-85.4491,602621,Analyst,1980-02-18,t000021,1577935473,37.4678,-85.5394,0
2020-01-02 04:27:49,2003158103297896,legit_Store,entertainment,14.56,Sample,User,M,1 Main St,Springfield,NY,79463,39.6743,-94.9971,1962333,Analyst,2001-08-09,t000022,1577939269,39.4309,-94.7569,0
2020-01-02 06:27:11,4925991034716655,legit_Store,gas_transport,51.23,Sample,User,F,1 Main St,Springfield,WA,98934,36.7004,-85.564,53510,Analyst,1994-09-01,t000023,1577946431,36.5699,-85.5196,0
2020-01-02 07:07:17,6190588434416954,legit_Store,gas_transport,114.19,Sample,User,F,1 Main St,Springfield,FL,96260,34.8212,-89.5798,181732,Analyst,1987-10-08,t000024,1577948837,34.878,-89.536,0
2020-01-02 08:42:19,3263762355399028,legit_Store,gas_transport,63.14,Sample,User,F,1 Main St,Springfield,TX,16364,33.516,-92.1804,2464541,Analyst,2006-10-04,t000025,1577954539,33.4793,-92.2899,0
2020-01-02 08:50:15,6190588434416954,legit_Store,entertainment,10.7,Sample,User,M,1 Main St,Springfield,IL,77291,35.2071,-90.1672,2870577,Analyst,2008-05-04,t000026,1577955015,34.8699,-90.4849,0
2020-01-02 09:19:18,6504799461833276,legit_Store,entertainment,50.46,Sample,User,M,1 Main St,Springfield,WA,55325,46.3413,-82.8409,1211357,Analyst,2006-06-10,t000027,1577956758,46.0023,-82.8461,0
2020-01-02 09:26:51,4545881467050858,legit_Store,shopping_net,75.96,Sample,User,F,1 Main St,Springfield,IL,76194,41.0556,-87.2006,1523929,Analyst,1975-03-20,t000028,1577957211,40.4261,-87.185,0
2020-01-02 11:44:43,5344186512941160,legit_Store,misc_net,46.37,Sample,User,F,1 Main St,Springfield,NY,88629,39.8454,-83.203,1633663,Analyst,2000-01-04,t000029,1577965483,38.9096,-83.0185,0
2020-01-02 11:47:51,5139687185153460,legit_Store,grocery_pos,23.06,Sample,User,M,1 Main St,Springfield,IL,62485,38.3805,-114.8657,416325,Analyst,1980-05-08,t000030,1577965671,38.341,-114.6568,0
2020-01-02 17:45:33,5344186512941160,legit_Store,food_dining,90.45,Sample,User,M,1 Main St,Springfield,NY,10284,42.9179,-88.794,668164,Analyst,1983-05-31,t000031,1577987133,43.614,-88.7682,0
2020-01-02 18:38:04,2022922764862306,legit_Store,entertainment,35.25,Sample,User,M,1 Main St,Springfield,WA,87827,34.9776,-85.8859,896020,Analyst,2018-03-19,t000032,1577990284,35.5167,-85.5575,0
2020-01-02 18:57:43,5146285820020347,legit_Store,entertainment,67.56,Sample,User,M,1 Main St,Springfield,FL,49350,36.8658,-107.3016,2525524,Analyst,1990-06-21,t000033,1577991463,36.5723,-107.4141,0
2020-01-02 19:16:42,7483596486795854,legit_Store,grocery_pos,49.45,Sample,User,M,1 Main St,Springfield,FL,51286,42.1826,-79.1457,1314939,Analyst,2008-10-24,t000034,1577992602,42.2276,-79.5789,0
2020-01-02 20:22:39,6728159149816614,legit_Store,misc_net,34.16,Sample,User,M,1 Main St,Springfield,CA,62577,39.7069,-107.0691,2163897,Analyst,1982-02-18,t000035,1577996559,39.2675,-106.926,0
2020-01-02 21:02:53,1764780845341268,legit_Store,misc_net,172.3,Sample,User,F,1 Main St,Springfield,IL,92043,43.7813,-110.0522,584155,Analyst,2017-12-02,t000036,1577998973,43.3877,-110.0143,0
2020-01-03 02:10:02,3263762355399028,legit_Store,entertainment,31.06,Sample,User,F,1 Main St,Springfield,NY,57383,45.5595,-79.5123,2860146,Analyst,1983-08-27,t000037,1578017402,45.2003,-79.3632,0
2020-01-03 03:36:48,3028210908533207,legit_Store,food_dining,52.65,Sample,User,F,1 Main St,Springfield,FL,28689,44.5272,-109.896,2650422,Analyst,1978-12-20,t000038,1578022608,44.4596,-110.2754,0
2020-01-03 03:55:34,6190588434416954,legit_Store,travel,49.33,Sample,User,F,1 Main St,Springfield,CA,75948,35.5789,-101.6404,1426280,Analyst,1985-12-06,t000039,1578023734,35.5242,-101.1031,0
2020-01-03 04:04:27,1138743822553442,legit_Store,shopping_net,57.08,Sample,User,F,1 Main St,Springfield,IL,66970,34.2806,-103.9718,677507,Analyst,1978-07-19,t000040,1578024267,34.3564,-103.7586,0
2020-01-03 05:14:16,7890921505852024,legit_Store,misc_net,163.95,Sample,User,M,1 Main St,Springfield,NY,15896,35.3722,-77.995,2929718,Analyst,1999-07-07,t000041,1578028456,35.5711,-78.0814,0
2020-01-03 05:52:26,8778151487528435,legit_Store,misc_net,76.03,Sample,User,F,1 Main St,Springfield,WA,57939,43.9694,-99.6934,2424560,Analyst,1977-02-05,t000042,1578030746,43.8684,-99.9741,0
2020-01-03 09:49:04,3263762355399028,legit_Store,food_dining,33.89,Sample,User,F,1 Main St,Springfield,WA,80686,45.7936,-87.9789,1533055,Analyst,1980-03-25,t000043,1578044944,45.8045,-87.6557,0
2020-01-03 09:57:55,4147592385620476,legit_Store,misc_net,131.26,Sample,User,M,1 Main St,Springfield,FL,89567,45.9563,-83.0921,803376,Analyst,2004-08-08,t000044,1578045475,45.6281,-83.4226,0
2020-01-03 10:57:49,2148643081502707,legit_Store,misc_net,85.48,Sample,User,F,1 Main St,Springfield,CA,35485,37.175,-91.2327,1864644,Analyst,1972-02-06,t000045,1578049069,36.7717,-90.5543,0
2020-01-03 11:09:14,8088000790853405,legit_Store,food_dining,34.44,Sample,User,M,1 Main St,Springfield,NY,57027,44.7648,-75.759,1111735,Analyst,1991-09-16,t000046,1578049754,44.3151,-75.9429,0
2020-01-03 11:55:27,6504799461833276,legit_Store,shopping_net,118.03,Sample,User,M,1 Main St,Springfield,FL,84179,40.5073,-82.6771,2022708,Analyst,2004-02-16,t000047,1578052527,40.7021,-82.161,0
2020-01-03 12:59:05,7483596486795854,legit_Store,shopping_net,14.39,Sample,User,M,1 Main St,Springfield,FL,62537,44.5191,-102.3899,2497556,Analyst,1991-12-15,t000048,1578056345,44.4177,-102.4452,0
2020-01-03 14:36:14,5146285820020347,legit_Store,food_dining,18.6,Sample,User,F,1 Main St,Springfield,FL,47753,40.6771,-75.4102,1469824,Analyst,1971-01-28,t000049,1578062174,40.1158,-74.936,0
2020-01-03 15:04:38,9248879179845191,legit_Store,misc_net,9.92,Sample,User,M,1 Main St,Springfield,NY,26581,35.0425,-96.2958,145448,Analyst,1977-10-15,t000050,1578063878,35.0236,-96.5163,0
2020-01-03 16:17:40,8088000790853405,legit_Store,grocery_pos,5.52,Sample,User,M,1 Main St,Springfield,FL,13862,34.1091,-120.8937,1688777,Analyst,2017-11-04,t000051,1578068260,33.7344,-120.8881,0
2020-01-03 16:40:16,7890921505852024,legit_Store,food_dining,112.39,Sample,User,F,1 Main St,Springfield,CA,72107,46.4011,-109.2593,2576108,Analyst,2008-01-20,t000052,1578069616,46.8992,-109.0179,0
2020-01-03 17:02:57,6504799461833276,legit_Store,shopping_net,57.62,Sample,User,M,1 Main St,Springfield,TX,96751,38.9612,-91.5353,670697,Analyst,1987-04-07,t000053,1578070977,38.7876,-91.3366,0
2020-01-03 20:13:06,9416536213861522,legit_Store,misc_net,10.98,Sample,User,M,1 Main St,Springfield,CA,64073,37.9073,-114.3161,2878204,Analyst,2013-01-21,t000054,1578082386,38.1117,-113.9858,0
2020-01-03 21:56:23,5344186512941160,legit_Store,grocery_pos,48.35,Sample,User,F,1 Main St,Springfield,FL,80248,37.9882,-93.3807,1087726,Analyst,1970-04-29,t000055,1578088583,38.3149,-93.5269,0
2020-01-03 22:07:32,9572703498255600,legit_Store,travel,93.72,Sample,User,M,1 Main St,Springfield,FL,70944,38.3051,-104.2817,2052671,Analyst,1972-05-02,t000056,1578089252,38.0186,-104.2563,0
2020-01-03 22:30:27,6253320506725128,legit_Store,food_dining,26.53,Sample,User,M,1 Main St,Springfield,IL,41303,46.23,-95.8151,2106277,Analyst,2013-08-05,t000057,1578090627,46.2528,-95.4406,0
2020-01-03 22:55:33,3028210908533207,legit_Store,gas_transport,38.56,Sample,User,M,1 Main St,Springfield,TX,57053,33.8779,-121.9081,547056,Analyst,2003-03-24,t000058,1578092133,34.0439,-122.1197,0
2020-01-04 00:09:13,5257682981261171,legit_Store,entertainment,177.67,Sample,User,F,1 Main St,Springfield,CA,34302,34.6669,-80.4274,117927,Analyst,1999-07-24,t000059,1578096553,34.7015,-80.2556,0
2020-01-04 00:44:54,5257682981261171,legit_Store,shopping_net,41.45,Sample,User,F,1 Main St,Springfield,NY,30088,44.0551,-104.2657,2846363,Analyst,1986-12-24,t000060,1578098694,44.1635,-104.3314,0
2020-01-04 01:22:59,8778151487528435,legit_Store,misc_net,12.0,Sample,User,M,1 Main St,Springfield,WA,63006,40.6917,-115.1322,2101538,Analyst,2010-04-14,t000061,1578100979,40.2928,-115.0705,0
2020-01-04 02:02:36,6253320506725128,legit_Store,misc_net,32.18,Sample,User,M,1 Main St,Springfield,IL,68140,34.7995,-100.5421,1894294,Analyst,1999-12-22,t000062,1578103356,34.9657,-100.5168,0
2020-01-04 02:23:14,6190588434416954,legit_Store,grocery_pos,10.16,Sample,User,F,1 Main St,Springfield,CA,98855,33.4824,-98.1773,912023,Analyst,1991-06-10,t000063,1578104594,33.3366,-98.4138,0
2020-01-04 02:49:30,1736823452344955,legit_Store,travel,80.5,Sample,User,F,1 Main St,Springfield,WA,31257,36.1393,-90.7673,325166,Analyst,1988-10-02,t000064,1578106170,36.2441,-90.8455,0
2020-01-04 04:02:32,4147592385620476,legit_Store,travel,23.3,Sample,User,F,1 Main St,Springfield,TX,36114,36.6514,-96.2964,816235,Analyst,1987-06-16,t000065,1578110552,36.9273,-96.253,0
2020-01-04 04:52:11,8088000790853405,legit_Store,travel,22.63,Sample,User,M,1 Main St,Springfield,NY,24951,33.199,-119.8673,1643629,Analyst,1998-05-09,t000066,1578113531,33.3996,-119.8982,0
2020-01-04 06:28:49,8088000790853405,legit_Store,misc_net,188.37,Sample,User,F,1 Main St,Springfield,FL,95343,36.0253,-79.2959,2080771,Analyst,2002-04-16,t000067,1578119329,36.1299,-78.8241,0
2020-01-04 07:46:09,6253320506725128,legit_Store,travel,16.67,Sample,User,M,1 Main St,Springfield,IL,80332,43.3365,-99.6311,957821,Analyst,2009-08-30,t000068,1578123969,43.5291,-99.3281,0
2020-01-04 08:01:04,5146285820020347,legit_Store,gas_transport,13.79,Sample,User,F,1 Main St,Springfield,NY,39734,44.9761,-118.2276,645620,Analyst,1990-01-04,t000069,1578124864,45.1826,-118.1406,0
2020-01-04 10:24:50,2952586134692342,legit_Store,food_dining,19.55,Sample,User,F,1 Main St,Springfield,IL,97203,45.5753,-84.1314,749301,Analyst,1982-07-06,t000070,1578133490,46.024,-84.3604,0
2020-01-04 11:40:34,9941331295964880,legit_Store,grocery_pos,95.78,Sample,User,F,1 Main St,Springfield,CA,73368,38.4588,-89.6524,2885088,Analyst,1997-05-30,t000071,1578138034,38.4486,-89.8996,0
2020-01-04 11:57:21,7485271270668504,legit_Store,misc_net,73.11,Sample,User,M,1 Main St,Springfield,WA,52873,37.4718,-90.1775,1891943,Analyst,1998-10-02,t000072,1578139041,37.521,-89.5854,0
2020-01-04 15:09:39,8850530502959312,legit_Store,entertainment,31.83,Sample,User,M,1 Main St,Springfield,CA,44355,46.9981,-101.0812,2972046,Analyst,1983-09-10,t000073,1578150579,47.2777,-101.3842,0
2020-01-04 17:22:15,6504799461833276,legit_Store,travel,29.4,Sample,User,M,1 Main St,Springfield,CA,61228,43.7708,-101.8856,19823,Analyst,1973-08-12,t000074,1578158535,43.6237,-101.8515,0
2020-01-04 19:53:48,2756656498603730,legit_Store,gas_transport,69.12,Sample,User,M,1 Main St,Springfield,CA,17654,40.5229,-95.7194,1374843,Analyst,1986-05-24,t000075,1578167628,40.1223,-95.6111,0
2020-01-04 22:21:49,1496685615352971,legit_Store,shopping_net,59.28,Sample,User,M,1 Main St,Springfield,WA,25485,36.5668,-119.5209,1372722,Analyst,1973-06-24,t000076,1578176509,36.7148,-119.6143,0
2020-01-04 23:50:41,8088000790853405,legit_Store,food_dining,43.63,Sample,User,F,1 Main St,Springfield,FL,94256,37.4983,-107.3511,1204853,Analyst,1974-01-19,t000077,1578181841,37.4365,-107.6517,0
2020-01-05 00:43:12,9416536213861522,legit_Store,shopping_net,74.94,Sample,User,F,1 Main St,Springfield,WA,28597,40.2151,-73.5932,1175360,Analyst,2017-08-08,t000078,1578184992,39.8528,-73.8287,0
2020-01-05 01:13:35,6814177925448492,legit_Store,entertainment,18.31,Sample,User,M,1 Main St,Springfield,CA,24753,40.5892,-89.5526,238033,Analyst,2008-07-04,t000079,1578186815,40.7393,-89.7165,0
2020-01-05 04:16:57,9248879179845191,legit_Store,misc_net,23.66,Sample,User,M,1 Main St,Springfield,IL,87391,33.1915,-101.4722,97485,Analyst,1971-09-30,t000080,1578197817,33.6208,-101.6851,0
2020-01-05 07:25:25,3990107358663351,legit_Store,grocery_pos,77.78,Sample,User,M,1 Main St,Springfield,WA,95021,46.4316,-111.1042,2334877,Analyst,1987-03-12,t000081,1578209125,45.9427,-110.7059,0
2020-01-05 07:45:54,7485271270668504,legit_Store,gas_transport,62.91,Sample,User,F,1 Main St,Springfield,TX,83618,41.0585,-85.4847,1322088,Analyst,1982-07-20,t000082,1578210354,41.3652,-85.4875,0
2020-01-05 16:28:33,8088000790853405,legit_Store,shopping_net,51.0,Sample,User,F,1 Main St,Springfield,IL,19297,41.2482,-109.2458,489009,Analyst,2018-01-18,t000083,1578241713,40.4871,-109.4029,0
2020-01-05 19:16:15,4147592385620476,legit_Store,grocery_pos,183.98,Sample,User,M,1 Main St,Springfield,CA,85502,35.9606,-114.0439,1043268,Analyst,1991-07-27,t000084,1578251775,35.8405,-114.0118,0
2020-01-05 23:07:52,2148643081502707,legit_Store,gas_transport,86.98,Sample,User,M,1 Main St,Springfield,NY,34025,43.7098,-114.4288,2799210,Analyst,1982-10-20,t000085,1578265672,44.262,-114.2284,0
2020-01-06 01:07:33,8113878616361537,legit_Store,travel,32.65,Sample,User,F,1 Main St,Springfield,CA,10991,43.3217,-86.2661,1403613,Analyst,2001-04-13,t000086,1578272853,43.2232,-86.3695,0
2020-01-06 01:35:59,8113878616361537,legit_Store,grocery_pos,25.58,Sample,User,M,1 Main St,Springfield,CA,92882,34.3322,-90.5023,2971787,Analyst,1993-05-30,t000087,1578274559,34.3592,-90.2317,0
2020-01-06 01:40:12,2003158103297896,legit_Store,gas_transport,65.14,Sample,User,M,1 Main St,Springfield,IL,34087,41.3299,-118.5795,485349,Analyst,1979-03-26,t000088,1578274812,41.5588,-118.9608,0
2020-01-06 02:07:43,8088000790853405,legit_Store,entertainment,112.15,Sample,User,F,1 Main St,Springfield,TX,69268,42.2147,-116.3629,368106,Analyst,1985-01-21,t000089,1578276463,41.6998,-116.0115,0
2020-01-06 02:08:23,4545881467050858,legit_Store,shopping_net,8.48,Sample,User,M,1 Main St,Springfield,FL,16641,44.698,-90.9415,1691867,Analyst,1976-04-11,t000090,1578276503,44.7196,-90.9442,0
2020-01-06 03:48:52,5852979641773284,legit_Store,gas_transport,61.7,Sample,User,F,1 Main St,Springfield,IL,27053,35.8853,-94.0153,2049334,Analyst,2004-03-13,t000091,1578282532,35.9045,-94.0297,0
2020-01-06 06:12:57,7485271270668504,legit_Store,grocery_pos,38.04,Sample,User,F,1 Main St,Springfield,WA,89269,45.2869,-88.386,2943908,Analyst,2017-11-02,t000092,1578291177,45.8456,-88.594,0
2020-01-06 06:18:03,5344186512941160,legit_Store,travel,57.6,Sample,User,F,1 Main St,Springfield,TX,63287,39.4607,-113.2761,1398509,Analyst,2009-11-02,t000093,1578291483,39.09,-113.6444,0
2020-01-06 09:40:08,9572703498255600,legit_Store,shopping_net,12.78,Sample,User,M,1 Main St,Springfield,TX,99876,34.3513,-86.3972,601300,Analyst,1988-07-01,t000094,1578303608,34.2369,-86.8972,0
2020-01-06 10:14:04,7485271270668504,legit_Store,entertainment,112.1,Sample,User,M,1 Main St,Springfield,CA,26235,34.4787,-76.1313,1623896,Analyst,1994-01-01,t000095,1578305644,34.2002,-76.3601,0
2020-01-06 12:04:41,2952586134692342,legit_Store,grocery_pos,133.18,Sample,User,F,1 Main St,Springfield,WA,90165,35.7693,-92.5485,921587,Analyst,1972-12-31,t000096,1578312281,35.4589,-92.3722,0
2020-01-06 12:04:55,6190588434416954,legit_Store,gas_transport,81.43,Sample,User,M,1 Main St,Springfield,IL,88698,36.9585,-112.3896,539544,Analyst,1988-01-31,t000097,1578312295,37.2967,-112.678,0
2020-01-06 13:34:07,3990107358663351,legit_Store,grocery_pos,151.5,Sample,User,F,1 Main St,Springfield,FL,93175,39.9497,-88.7024,266140,Analyst,1971-08-01,t000098,1578317647,39.9577,-89.1669,0
2020-01-06 15:27:49,5852979641773284,legit_Store,travel,36.5,Sample,User,F,1 Main St,Springfield,TX,14484,43.4825,-105.189,2170839,Analyst,2006-09-14,t000099,1578324469,43.3158,-105.4617,0
2020-01-06 15:36:55,3028210908533207,legit_Store,food_dining,60.62,Sample,User,M,1 Main St,Springfield,IL,19407,35.6142,-119.5849,1928649,Analyst,2014-10-23,t000100,1578325015,35.4588,-119.7004,0
2020-01-06 16:01:55,9416536213861522,legit_Store,shopping_net,82.29,Sample,User,M,1 Main St,Springfield,TX,57679,46.8971,-107.1854,500671,Analyst,1979-06-09,t000101,1578326515,46.7282,-107.2891,0
2020-01-06 16:52:15,1138743822553442,legit_Store,entertainment,65.77,Sample,User,F,1 Main St,Springfield,TX,20413,35.2613,-77.6263,1677083,Analyst,2003-03-20,t000102,1578329535,35.1192,-77.665,0
2020-01-06 16:56:16,5146285820020347,legit_Store,gas_transport,40.44,Sample,User,F,1 Main St,Springfield,IL,15712,41.3913,-101.8542,2656014,Analyst,1999-07-18,t000103,1578329776,41.012,-101.5444,0
2020-01-06 17:05:12,6190588434416954,legit_Store,travel,44.01,Sample,User,F,1 Main St,Springfield,TX,83025,46.0052,-79.6314,2454446,Analyst,1990-08-05,t000104,1578330312,45.9275,-79.2566,0
2020-01-06 18:22:37,8850530502959312,legit_Store,shopping_net,125.11,Sample,User,M,1 Main St,Springfield,IL,72551,44.6551,-97.0757,1362469,Analyst,2006-02-26,t000105,1578334957,44.5473,-96.4741,0
2020-01-06 18:48:10,9284062461317298,legit_Store,shopping_net,49.03,Sample,User,M,1 Main St,Springfield,CA,85961,42.0704,-96.6681,172791,Analyst,2003-07-02,t000106,1578336490,41.8431,-97.1556,0
2020-01-06 19:38:53,4545881467050858,legit_Store,travel,107.77,Sample,User,M,1 Main St,Springfield,TX,94220,43.0169,-121.7444,1904969,Analyst,1983-04-09,t000107,1578339533,43.0634,-122.0012,0
2020-01-06 22:27:04,9416536213861522,legit_Store,grocery_pos,47.06,Sample,User,F,1 Main St,Springfield,TX,22832,34.8789,-90.7819,1549109,Analyst,2009-05-08,t000108,1578349624,34.9508,-90.5724,0
2020-01-06 22:43:22,1496685615352971,legit_Store,misc_net,107.33,Sample,User,M,1 Main St,Springfield,NY,84795,33.1353,-116.7171,2765451,Analyst,2002-04-25,t000109,1578350602,32.9683,-116.8533,0
2020-01-06 23:48:07,8441077424332845,legit_Store,grocery_pos,53.17,Sample,User,F,1 Main St,Springfield,IL,13939,39.0781,-98.5413,1660438,Analyst,1985-05-26,t000110,1578354487,39.0348,-98.2831,0
2020-01-07 00:34:11,5139687185153460,legit_Store,misc_net,77.48,Sample,User,M,1 Main St,Springfield,TX,43455,34.2533,-109.2445,2214080,Analyst,2006-03-27,t000111,1578357251,34.9009,-109.1823,0
2020-01-07 02:24:27,2952586134692342,legit_Store,gas_transport,28.46,Sample,User,M,1 Main St,Springfield,IL,36778,38.0085,-102.7732,1585785,Analyst,2001-07-28,t000112,1578363867,38.6447,-102.2995,0
2020-01-07 02:43:39,9248879179845191,fraud_Kirlin,shopping_net,357.2,Sample,User,M,1 Main St,Springfield,NY,31321,36.1324,-95.6832,1623002,Analyst,1975-10-15,t000113,1578365019,41.9688,-96.0603,1
2020-01-07 04:19:25,6253320506725128,legit_Store,entertainment,28.82,Sample,User,M,1 Main St,Springfield,TX,74668,45.8289,-121.2913,952990,Analyst,1978-03-14,t000114,1578370765,45.5545,-120.973,0
2020-01-07 04:54:00,6253320506725128,legit_Store,gas_transport,35.76,Sample,User,F,1 Main St,Springfield,TX,20892,45.3208,-108.0554,1208630,Analyst,1985-12-18,t000115,1578372840,45.003,-108.179,0
2020-01-07 06:38:44,6190588434416954,legit_Store,grocery_pos,38.19,Sample,User,M,1 Main St,Springfield,FL,82817,44.4652,-73.509,888494,Analyst,1972-03-09,t000116,1578379124,44.7823,-73.5383,0
2020-01-07 07:10:14,3263762355399028,legit_Store,gas_transport,43.41,Sample,User,F,1 Main St,Springfield,NY,88625,42.9952,-119.1874,1386943,Analyst,1990-01-09,t000117,1578381014,42.8757,-119.279,0
2020-01-07 07:36:01,3990107358663351,legit_Store,food_dining,98.92,Sample,User,M,1 Main St,Springfield,NY,69910,35.157,-106.3497,2854623,Analyst,1992-09-29,t000118,1578382561,35.2289,-106.8015,0
2020-01-07 08:29:32,8113878616361537,legit_Store,entertainment,34.63,Sample,User,M,1 Main St,Springfield,FL,17299,33.6771,-106.2503,1025677,Analyst,2008-03-29,t000119,1578385772,34.2762,-105.8088,0
2020-01-07 09:14:38,2148643081502707,legit_Store,travel,55.96,Sample,User,F,1 Main St,Springfield,NY,63695,42.1544,-103.4101,1390315,Analyst,1978-06-14,t000120,1578388478,42.1513,-103.1865,0
2020-01-07 11:08:49,1496685615352971,legit_Store,travel,107.57,Sample,User,F,1 Main St,Springfield,WA,66593,41.9916,-88.4457,2838605,Analyst,1997-12-20,t000121,1578395329,42.2035,-88.5492,0
2020-01-07 12:20:56,2148643081502707,fraud_Kirlin,gas_transport,956.78,Sample,User,F,1 Main St,Springfield,TX,43572,38.1719,-109.8606,454499,Analyst,2002-10-03,t000122,1578399656,37.8799,-108.4836,1
2020-01-07 13:10:02,6253320506725128,legit_Store,food_dining,8.69,Sample,User,M,1 Main St,Springfield,IL,43053,39.6176,-99.4468,759320,Analyst,1992-02-27,t000123,1578402602,39.4411,-99.6359,0
2020-01-07 13:21:59,5344186512941160,legit_Store,grocery_pos,12.41,Sample,User,M,1 Main St,Springfield,NY,52224,39.8481,-90.4017,1480018,Analyst,2014-09-19,t000124,1578403319,40.1658,-90.9531,0
2020-01-07 15:14:50,8850530502959312,legit_Store,grocery_pos,66.67,Sample,User,M,1 Main St,Springfield,IL,99619,36.359,-106.2062,1228629,Analyst,1985-09-16,t000125,1578410090,36.1041,-105.904,0
2020-01-07 15:18:23,5852979641773284,legit_Store,food_dining,33.19,Sample,User,M,1 Main St,Springfield,TX,10328,37.3983,-75.5101,1024076,Analyst,1990-02-07,t000126,1578410303,37.8003,-75.8937,0
2020-01-07 15:23:47,4545881467050858,legit_Store,misc_net,10.64,Sample,User,F,1 Main St,Springfield,CA,55793,38.8575,-73.996,2334893,Analyst,1970-03-15,t000127,1578410627,38.6812,-74.0548,0
2020-01-07 16:42:16,1736823452344955,legit_Store,travel,31.19,Sample,User,M,1 Main St,Springfield,WA,38523,41.4445,-116.136,1497152,Analyst,1990-03-30,t000128,1578415336,41.3011,-116.0742,0
2020-01-07 17:03:23,5612453486702081,legit_Store,grocery_pos,68.51,Sample,User,F,1 Main St,Springfield,NY,59390,46.3815,-105.1528,1093660,Analyst,1970-12-30,t000129,1578416603,46.0549,-105.0372,0
2020-01-07 17:22:52,8850530502959312,legit_Store,shopping_net,37.85,Sample,User,M,1 Main St,Springfield,CA,10356,40.5388,-111.8094,1437417,Analyst,2018-06-27,t000130,1578417772,40.2615,-111.5548,0
2020-01-07 20:18:35,6253320506725128,legit_Store,misc_net,51.95,Sample,User,F,1 Main St,Springfield,FL,92609,43.2363,-112.8473,2659946,Analyst,1981-11-07,t000131,1578428315,43.1083,-112.6731,0
2020-01-07 20:55:23,9572703498255600,legit_Store,travel,40.66,Sample,User,M,1 Main St,Springfield,WA,51129,44.298,-97.942,2951871,Analyst,2010-01-09,t000132,1578430523,43.5686,-97.777,0
2020-01-07 22:18:20,6504799461833276,legit_Store,entertainment,27.58,Sample,User,M,1 Main St,Springfield,NY,97266,34.5891,-94.3725,729974,Analyst,1975-10-02,t000133,1578435500,34.5191,-94.6097,0
2020-01-07 22:36:50,1736823452344955,legit_Store,food_dining,59.65,Sample,User,M,1 Main St,Springfield,FL,23880,42.1437,-101.1431,121519,Analyst,1983-07-08,t000134,1578436610,41.9914,-101.0548,0
2020-01-07 22:50:01,2022922764862306,legit_Store,misc_net,9.44,Sample,User,M,1 Main St,Springfield,CA,62526,39.7496,-108.6448,95003,Analyst,1975-11-23,t000135,1578437401,39.9866,-109.0965,0
2020-01-08 00:37:44,6253320506725128,legit_Store,travel,24.6,Sample,User,M,1 Main St,Springfield,NY,71183,41.014,-108.3475,1336759,Analyst,1988-03-03,t000136,1578443864,41.1409,-107.8789,0
2020-01-08 01:55:42,8441077424332845,legit_Store,food_dining,86.75,Sample,User,F,1 Main St,Springfield,WA,81655,33.5378,-73.3857,1886624,Analyst,1999-09-15,t000137,1578448542,33.3255,-73.8065,0
2020-01-08 02:36:32,6253320506725128,legit_Store,food_dining,12.84,Sample,User,M,1 Main St,Springfield,CA,10811,45.687,-76.7398,154859,Analyst,1990-09-10,t000138,1578450992,45.5495,-76.8437,0
2020-01-08 03:13:51,5146285820020347,legit_Store,shopping_net,49.98,Sample,User,F,1 Main St,Springfield,TX,67128,46.339,-118.281,1525252,Analyst,1999-11-03,t000139,1578453231,46.2686,-118.6766,0
2020-01-08 03:17:33,3990107358663351,legit_Store,travel,35.46,Sample,User,F,1 Main St,Springfield,FL,23303,33.0487,-89.829,1199514,Analyst,2009-09-26,t000140,1578453453,33.4945,-90.0481,0
2020-01-08 03:40:23,9572703498255600,legit_Store,entertainment,32.72,Sample,User,F,1 Main St,Springfield,CA,48465,35.9791,-99.613,2799241,Analyst,1972-03-16,t000141,1578454823,35.7324,-99.609,0
2020-01-08 04:19:42,1496685615352971,legit_Store,grocery_pos,92.61,Sample,User,F,1 Main St,Springfield,IL,14804,35.5227,-88.2481,1811105,Analyst,1990-11-29,t000142,1578457182,35.3068,-88.4067,0
2020-01-08 04:24:58,5257682981261171,legit_Store,travel,105.44,Sample,User,F,1 Main St,Springfield,FL,15158,43.9383,-92.7489,1269973,Analyst,1999-04-09,t000143,1578457498,43.5997,-92.4057,0
2020-01-08 05:44:37,6728159149816614,legit_Store,grocery_pos,19.5,Sample,User,F,1 Main St,Springfield,TX,78967,41.3731,-78.4266,1760354,Analyst,1995-10-19,t000144,1578462277,40.9285,-78.3586,0
2020-01-08 07:26:19,6814177925448492,legit_Store,entertainment,43.7,Sample,User,M,1 Main St,Springfield,IL,74596,35.4827,-118.7176,407635,Analyst,1977-03-09,t000145,1578468379,35.5748,-118.8564,0
2020-01-08 07:34:01,7890921505852024,legit_Store,gas_transport,6.75,Sample,User,M,1 Main St,Springfield,FL,90574,44.3956,-104.8697,1425593,Analyst,1980-03-08,t000146,1578468841,44.4565,-104.9098,0
2020-01-08 08:46:17,4545881467050858,legit_Store,travel,88.99,Sample,User,F,1 Main St,Springfield,WA,73022,37.9486,-73.7108,989906,Analyst,1988-08-04,t000147,1578473177,38.3335,-73.3449,0
2020-01-08 10:12:19,7485271270668504,legit_Store,food_dining,47.99,Sample,User,M,1 Main St,Springfield,CA,63624,39.452,-113.068,543773,Analyst,2002-02-05,t000148,1578478339,39.7644,-112.7954,0
2020-01-08 10:22:20,2003158103297896,legit_Store,food_dining,11.92,Sample,User,F,1 Main St,Springfield,CA,20503,38.4223,-115.7607,1180242,Analyst,2018-10-10,t000149,1578478940,39.1414,-116.1023,0
2020-01-08 11:53:24,9248879179845191,legit_Store,entertainment,25.69,Sample,User,F,1 Main St,Springfield,CA,78858,40.2993,-86.2804,1917338,Analyst,1988-02-27,t000150,1578484404,40.2772,-86.4846,0
2020-01-08 12:57:21,2756656498603730,legit_Store,shopping_net,17.88,Sample,User,M,1 Main St,Springfield,FL,30705,39.722,-83.9057,1749812,Analyst,1995-09-23,t000151,1578488241,39.6438,-83.7632,0
2020-01-08 13:09:43,8088000790853405,legit_Store,travel,24.39,Sample,User,M,1 Main St,Springfield,IL,19597,36.8442,-89.0586,2891886,Analyst,1985-02-07,t000152,1578488983,36.4541,-88.9526,0
2020-01-08 13:28:40,3263762355399028,legit_Store,misc_net,7.58,Sample,User,M,1 Main St,Springfield,IL,75890,38.9438,-83.9664,824226,Analyst,1971-09-08,t000153,1578490120,39.1528,-84.2815,0
2020-01-08 14:45:01,9416536213861522,legit_Store,shopping_net,124.21,Sample,User,M,1 Main St,Springfield,FL,62922,45.7167,-88.0076,2099310,Analyst,1989-08-19,t000154,1578494701,45.7523,-87.7829,0
2020-01-08 16:29:01,1138743822553442,legit_Store,misc_net,20.21,Sample,User,F,1 Main St,Springfield,CA,23473,40.0405,-115.3472,1651389,Analyst,1987-02-18,t000155,1578500941,40.2359,-115.6145,0
2020-01-08 17:48:11,8778151487528435,legit_Store,grocery_pos,49.88,Sample,User,F,1 Main St,Springfield,FL,59430,45.8294,-92.1971,2621606,Analyst,1977-06-02,t000156,1578505691,45.4877,-91.806,0
2020-01-08 18:16:56,5612453486702081,legit_Store,travel,68.06,Sample,User,M,1 Main St,Springfield,FL,72183,40.7018,-83.933,2724229,Analyst,2003-01-24,t000157,1578507416,40.8073,-83.7742,0
2020-01-08 19:05:13,8850530502959312,legit_Store,shopping_net,105.54,Sample,User,M,1 Main St,Springfield,FL,54899,43.7634,-79.5897,2122832,Analyst,1982-09-27,t000158,1578510313,43.825,-79.9293,0
2020-01-08 20:43:23,8778151487528435,legit_Store,grocery_pos,51.22,Sample,User,F,1 Main St,Springfield,WA,74617,37.1103,-109.9345,1271767,Analyst,1981-01-25,t000159,1578516203,37.152,-110.0932,0
2020-01-08 20:47:47,5139687185153460,legit_Store,food_dining,40.16,Sample,User,M,1 Main St,Springfield,FL,55406,44.0658,-115.7559,1600655,Analyst,1989-03-08,t000160,1578516467,43.8608,-115.9198,0
2020-01-08 21:43:37,5139687185153460,legit_Store,travel,52.88,Sample,User,F,1 Main St,Springfield,WA,41800,36.7005,-83.7266,1955056,Analyst,2017-07-13,t000161,1578519817,37.0573,-83.6786,0
2020-01-08 21:49:26,4925991034716655,legit_Store,entertainment,19.39,Sample,User,F,1 Main St,Springfield,TX,30107,33.2737,-109.4291,2417896,Analyst,2001-05-12,t000162,1578520166,33.8888,-109.4903,0
2020-01-08 22:13:41,5612453486702081,legit_Store,misc_net,20.92,Sample,User,M,1 Main St,Springfield,CA,33236,35.2502,-120.4355,687466,Analyst,1990-12-17,t000163,1578521621,34.9171,-120.7791,0
2020-01-09 01:05:46,7485271270668504,legit_Store,travel,39.41,Sample,User,M,1 Main St,Springfield,CA,82819,33.3031,-81.5645,2619082,Analyst,2010-06-11,t000164,1578531946,33.5193,-81.9828,0
2020-01-09 01:29:18,9284062461317298,legit_Store,food_dining,4.64,Sample,User,F,1 Main St,Springfield,IL,43573,46.2589,-97.2064,2404179,Analyst,1971-01-15,t000165,1578533358,45.3955,-97.0417,0
2020-01-09 01:45:18,1764780845341268,legit_Store,gas_transport,28.1,Sample,User,M,1 Main St,Springfield,TX,74454,46.9997,-105.995,265386,Analyst,1986-08-07,t000166,1578534318,47.2003,-105.9091,0
2020-01-09 05:01:21,2003158103297896,legit_Store,misc_net,33.67,Sample,User,F,1 Main St,Springfield,NY,42327,43.6712,-121.44,809742,Analyst,1996-08-22,t000167,1578546081,43.1102,-121.4083,0
2020-01-09 05:35:03,8113878616361537,legit_Store,travel,166.78,Sample,User,M,1 Main St,Springfield,NY,57290,34.5138,-120.269,708187,Analyst,1994-01-31,t000168,1578548103,34.3563,-120.1877,0
2020-01-09 05:52:02,9416536213861522,legit_Store,travel,114.96,Sample,User,M,1 Main St,Springfield,CA,64631,45.5852,-83.1615,1739828,Analyst,2003-04-29,t000169,1578549122,45.1913,-83.3471,0
2020-01-09 06:25:21,1496685615352971,legit_Store,entertainment,67.88,Sample,User,M,1 Main St,Springfield,IL,52994,43.4129,-98.0044,626687,Analyst,2004-08-01,t000170,1578551121,43.3482,-97.9492,0
2020-01-09 06:42:59,5257682981261171,legit_Store,grocery_pos,90.55,Sample,User,F,1 Main St,Springfield,CA,76945,37.6514,-114.6636,901442,Analyst,1992-06-21,t000171,1578552179,37.9031,-113.9021,0
2020-01-09 07:00:56,5612453486702081,legit_Store,gas_transport,20.75,Sample,User,M,1 Main St,Springfield,NY,93171,40.0319,-104.4332,568340,Analyst,2015-10-25,t000172,1578553256,39.4747,-104.0809,0
2020-01-09 07:11:37,7890921505852024,legit_Store,misc_net,53.96,Sample,User,M,1 Main St,Springfield,TX,87556,42.2646,-113.9,203139,Analyst,2015-09-29,t000173,1578553897,42.1568,-113.9866,0
2020-01-09 07:39:44,3028210908533207,legit_Store,shopping_net,82.86,Sample,User,F,1 Main St,Springfield,TX,92927,33.3367,-116.4688,1378620,Analyst,1993-06-02,t000174,1578555584,33.1827,-116.6258,0
2020-01-09 09:14:36,4925991034716655,legit_Store,travel,20.93,Sample,User,F,1 Main St,Springfield,CA,12699,40.0216,-108.4609,959668,Analyst,2014-06-13,t000175,1578561276,40.4959,-109.319,0
2020-01-09 09:15:59,9284062461317298,legit_Store,food_dining,12.45,Sample,User,F,1 Main St,Springfield,NY,78337,43.2535,-95.0741,1514047,Analyst,2001-08-01,t000176,1578561359,43.3831,-94.7535,0
2020-01-09 09:18:27,9572703498255600,legit_Store,gas_transport,62.75,Sample,User,M,1 Main St,Springfield,WA,75388,35.6352,-111.7097,636879,Analyst,1976-11-06,t000177,1578561507,35.282,-111.4737,0
2020-01-09 09:57:31,9284062461317298,legit_Store,grocery_pos,13.98,Sample,User,F,1 Main St,Springfield,NY,47115,39.2131,-105.1601,859824,Analyst,1975-11-23,t000178,1578563851,39.0717,-105.3233,0
2020-01-09 10:05:20,6190588434416954,legit_Store,gas_transport,72.43,Sample,User,M,1 Main St,Springfield,IL,38276,40.4554,-98.5814,2678128,Analyst,1973-12-10,t000179,1578564320,40.9223,-99.0109,0
2020-01-09 11:53:53,6728159149816614,legit_Store,gas_transport,104.3,Sample,User,M,1 Main St,Springfield,TX,14784,43.2979,-101.4185,2415279,Analyst,1980-06-09,t000180,1578570833,43.5122,-101.7651,0
2020-01-09 13:57:05,1795362069921523,legit_Store,travel,21.56,Sample,User,F,1 Main St,Springfield,CA,85476,46.5024,-115.6972,799220,Analyst,1985-05-23,t000181,1578578225,46.2269,-115.5639,0
2020-01-09 14:57:17,8088000790853405,legit_Store,grocery_pos,23.13,Sample,User,M,1 Main St,Springfield,CA,85616,44.8759,-120.0956,486189,Analyst,1973-05-29,t000182,1578581837,44.7957,-120.1224,0
2020-01-09 15:10:32,4545881467050858,legit_Store,food_dining,102.21,Sample,User,M,1 Main St,Springfield,WA,16814,41.7013,-120.2625,2923295,Analyst,1999-12-21,t000183,1578582632,41.6307,-120.055,0
2020-01-09 15:12:44,5852979641773284,legit_Store,entertainment,51.43,Sample,User,F,1 Main St,Springfield,TX,62392,41.171,-104.8412,2042928,Analyst,1990-04-08,t000184,1578582764,41.0096,-104.8153,0
2020-01-09 15:13:42,9941331295964880,legit_Store,grocery_pos,93.0,Sample,User,M,1 Main St,Springfield,IL,59605,41.4446,-86.7787,1477545,Analyst,1999-08-25,t000185,1578582822,40.9316,-86.4887,0
2020-01-09 16:06:53,2003158103297896,legit_Store,entertainment,40.59,Sample,User,F,1 Main St,Springfield,WA,25516,40.6325,-115.5685,2098460,Analyst,1994-10-16,t000186,1578586013,40.4292,-115.4576,0
2020-01-09 16:59:15,2022922764862306,legit_Store,entertainment,43.07,Sample,User,M,1 Main St,Springfield,CA,59380,33.8311,-83.438,663973,Analyst,1983-05-22,t000187,1578589155,34.2478,-83.1893,0
2020-01-09 18:29:22,5139687185153460,legit_Store,grocery_pos,50.41,Sample,User,F,1 Main St,Springfield,NY,83056,42.7761,-86.932,1284967,Analyst,2000-04-21,t000188,1578594562,42.6618,-87.5589,0
2020-01-09 19:29:01,3028210908533207,legit_Store,gas_transport,144.72,Sample,User,F,1 Main St,Springfield,WA,39385,43.0287,-121.8068,1174641,Analyst,2016-11-14,t000189,1578598141,42.9977,-122.1771,0
2020-01-09 20:48:29,6504799461833276,legit_Store,misc_net,88.01,Sample,User,M,1 Main St,Springfield,CA,75316,40.1747,-120.6894,2162893,Analyst,1985-08-11,t000190,1578602909,40.2169,-120.7987,0
2020-01-09 21:45:07,6253320506725128,legit_Store,gas_transport,27.29,Sample,User,F,1 Main St,Springfield,IL,97326,45.1854,-112.4434,551109,Analyst,1985-02-22,t000191,1578606307,45.8509,-112.1195,0
2020-01-09 23:05:55,1736823452344955,legit_Store,entertainment,56.93,Sample,User,F,1 Main St,Springfield,CA,50929,42.4141,-119.2501,1467783,Analyst,1995-06-08,t000192,1578611155,42.4168,-118.6859,0
2020-01-10 00:39:13,2756656498603730,legit_Store,entertainment,38.34,Sample,User,M,1 Main St,Springfield,WA,19622,38.0773,-95.9642,2501216,Analyst,2009-08-19,t000193,1578616753,38.4055,-96.0135,0
2020-01-10 00:58:08,2022922764862306,legit_Store,gas_transport,32.72,Sample,User,F,1 Main St,Springfield,IL,36762,33.2757,-120.0583,589788,Analyst,1996-03-11,t000194,1578617888,33.0963,-120.2417,0
2020-01-10 03:19:45,9572703498255600,legit_Store,grocery_pos,70.98,Sample,User,M,1 Main St,Springfield,FL,22275,33.8283,-82.6704,360787,Analyst,2011-01-01,t000195,1578626385,33.7504,-83.2568,0
2020-01-10 03:21:01,6504799461833276,legit_Store,entertainment,60.91,Sample,User,F,1 Main St,Springfield,WA,41746,37.9252,-97.8449,2463825,Analyst,1973-08-26,t000196,1578626461,37.9289,-97.5858,0
2020-01-10 04:08:35,9416536213861522,legit_Store,shopping_net,21.79,Sample,User,M,1 Main St,Springfield,IL,67982,39.4695,-86.3302,2620709,Analyst,1974-11-07,t000197,1578629315,39.2372,-86.4953,0
2020-01-10 04:43:45,3990107358663351,legit_Store,gas_transport,50.51,Sample,User,F,1 Main St,Springfield,WA,28238,35.3362,-85.2156,1292269,Analyst,1990-01-09,t000198,1578631425,35.2751,-84.3281,0
2020-01-10 05:04:36,7485271270668504,legit_Store,gas_transport,31.88,Sample,User,F,1 Main St,Springfield,WA,56286,35.6506,-97.1686,138705,Analyst,1981-06-17,t000199,1578632676,35.917,-97.3904,0
2020-01-10 05:12:09,9572703498255600,legit_Store,grocery_pos,67.78,Sample,User,M,1 Main St,Springfield,TX,99825,36.223,-76.6572,1622536,Analyst,1971-02-22,t000200,1578633129,35.9828,-76.0256,0
2020-01-10 05:12:11,6253320506725128,legit_Store,food_dining,30.7,Sample,User,M,1 Main St,Springfield,NY,33801,43.9272,-73.4782,899524,Analyst,1980-08-09,t000201,1578633131,43.9272,-73.2537,0
2020-01-10 05:42:27,1764780845341268,legit_Store,food_dining,43.27,Sample,User,M,1 Main St,Springfield,IL,89188,43.798,-104.3985,1762696,Analyst,1983-05-12,t000202,1578634947,44.0106,-104.707,0
2020-01-10 06:10:36,9284062461317298,legit_Store,shopping_net,33.48,Sample,User,F,1 Main St,Springfield,NY,37384,38.3611,-115.8327,420520,Analyst,2015-04-28,t000203,1578636636,38.1138,-115.763,0
2020-01-10 07:30:24,5139687185153460,legit_Store,misc_net,9.05,Sample,User,F,1 Main St,Springfield,TX,65267,35.4131,-104.2013,2415654,Analyst,2008-07-21,t000204,1578641424,35.7417,-103.9699,0
2020-01-10 07:50:09,2022922764862306,legit_Store,gas_transport,139.96,Sample,User,M,1 Main St,Springfield,FL,24131,34.5527,-111.0557,2056111,Analyst,1987-04-21,t000205,1578642609,34.5746,-111.1232,0
2020-01-10 10:57:38,2148643081502707,legit_Store,misc_net,50.08,Sample,User,F,1 Main St,Springfield,TX,34128,34.2198,-95.9807,1936017,Analyst,2017-03-19,t000206,1578653858,34.1703,-95.7293,0
2020-01-10 14:50:57,7483596486795854,legit_Store,travel,143.21,Sample,User,F,1 Main St,Springfield,TX,88097,38.4779,-103.459,1537452,Analyst,2011-03-23,t000207,1578667857,37.8755,-103.2142,0
2020-01-10 16:12:21,7485271270668504,legit_Store,grocery_pos,51.83,Sample,User,F,1 Main St,Springfield,FL,63076,33.6376,-98.458,661424,Analyst,1982-05-09,t000208,1578672741,33.5255,-98.2791,0
2020-01-10 16:13:52,2756656498603730,legit_Store,food_dining,80.24,Sample,User,F,1 Main St,Springfield,NY,61256,37.6709,-84.6038,2818079,Analyst,1993-07-23,t000209,1578672832,37.7824,-84.6088,0
2020-01-10 18:21:02,5139687185153460,legit_Store,misc_net,28.89,Sample,User,F,1 Main St,Springfield,IL,55965,46.4615,-108.573,798067,Analyst,2015-06-04,t000210,1578680462,46.9851,-108.9255,0
2020-01-10 18:32:05,9941331295964880,legit_Store,gas_transport,29.51,Sample,User,M,1 Main St,Springfield,NY,32034,40.1051,-95.6637,1099176,Analyst,1992-07-13,t000211,1578681125,40.2754,-95.6868,0
2020-01-10 19:33:02,4147592385620476,legit_Store,food_dining,47.97,Sample,User,M,1 Main St,Springfield,TX,93624,44.517,-105.5771,2778871,Analyst,1988-04-12,t000212,1578684782,44.8549,-105.5243,0
2020-01-10 19:48:06,4545881467050858,legit_Store,travel,142.36,Sample,User,F,1 Main St,Springfield,IL,45407,34.8097,-83.5369,123206,Analyst,2014-07-10,t000213,1578685686,34.447,-84.0997,0
2020-01-10 21:02:06,1764780845341268,legit_Store,travel,22.5,Sample,User,F,1 Main St,Springfield,TX,11031,36.7531,-90.6627,376161,Analyst,2002-07-19,t000214,1578690126,36.7151,-90.6119,0
2020-01-10 22:02:53,6190588434416954,legit_Store,gas_transport,6.72,Sample,User,M,1 Main St,Springfield,WA,91600,46.2517,-121.5833,2285215,Analyst,1991-09-24,t000215,1578693773,46.6179,-121.6123,0
2020-01-10 22:18:08,5344186512941160,legit_Store,entertainment,100.59,Sample,User,F,1 Main St,Springfield,FL,14189,38.3697,-89.6575,1104509,Analyst,2012-11-11,t000216,1578694688,38.1034,-90.0465,0
2020-01-10 22:21:56,1736823452344955,legit_Store,misc_net,83.74,Sample,User,F,1 Main St,Springfield,NY,89814,42.0777,-113.6621,1738922,Analyst,2006-09-16,t000217,1578694916,42.3673,-113.762,0
2020-01-10 22:54:21,6504799461833276,legit_Store,gas_transport,35.07,Sample,User,F,1 Main St,Springfield,WA,33939,46.6658,-86.5008,1742024,Analyst,1987-02-21,t000218,1578696861,46.8858,-86.5943,0
2020-01-11 00:26:27,6728159149816614,legit_Store,misc_net,179.72,Sample,User,M,1 Main St,Springfield,NY,16219,40.711,-94.2004,2482478,Analyst,1990-11-30,t000219,1578702387,40.7934,-93.6214,0
2020-01-11 01:29:14,7483596486795854,legit_Store,grocery_pos,184.85,Sample,User,F,1 Main St,Springfield,WA,29835,37.2748,-102.3273,1861238,Analyst,1972-05-03,t000220,1578706154,37.1762,-102.2613,0
2020-01-11 01:55:16,5612453486702081,legit_Store,gas_transport,8.34,Sample,User,M,1 Main St,Springfield,CA,68868,40.4473,-87.9907,1278989,Analyst,1975-01-08,t000221,1578707716,40.1514,-87.6799,0
2020-01-11 05:39:13,3263762355399028,legit_Store,entertainment,28.31,Sample,User,F,1 Main St,Springfield,WA,59120,33.7649,-80.0269,1648214,Analyst,2017-01-12,t000222,1578721153,34.2975,-80.0623,0
2020-01-11 06:39:34,1736823452344955,legit_Store,entertainment,47.7,Sample,User,M,1 Main St,Springfield,CA,23767,34.5732,-83.8416,2214805,Analyst,1972-08-13,t000223,1578724774,34.7627,-84.4037,0
2020-01-11 09:02:21,6728159149816614,legit_Store,gas_transport,66.46,Sample,User,F,1 Main St,Springfield,IL,37015,33.1004,-95.2764,1137957,Analyst,2011-03-28,t000224,1578733341,33.2026,-95.0747,0
2020-01-11 09:06:43,6190588434416954,legit_Store,shopping_net,59.4,Sample,User,M,1 Main St,Springfield,FL,28979,45.3789,-86.588,514026,Analyst,1980-04-06,t000225,1578733603,45.2551,-86.7854,0
2020-01-11 09:18:14,5344186512941160,legit_Store,food_dining,49.94,Sample,User,F,1 Main St,Springfield,CA,68792,42.3979,-101.7182,1459438,Analyst,1996-09-08,t000226,1578734294,42.4093,-101.8189,0
2020-01-11 11:29:01,8088000790853405,legit_Store,travel,19.47,Sample,User,F,1 Main St,Springfield,CA,87777,37.1766,-83.3377,2998580,Analyst,2005-08-05,t000227,1578742141,37.226,-83.6536,0
2020-01-11 12:29:56,9284062461317298,legit_Store,shopping_net,72.54,Sample,User,F,1 Main St,Springfield,NY,32958,36.0963,-81.3765,337359,Analyst,2018-11-06,t000228,1578745796,36.2162,-81.3546,0
2020-01-11 13:51:34,5852979641773284,legit_Store,gas_transport,75.49,Sample,User,F,1 Main St,Springfield,IL,90566,42.5631,-115.2726,521767,Analyst,1988-05-31,t000229,1578750694,42.7834,-114.953,0
2020-01-11 13:57:11,8113878616361537,legit_Store,entertainment,95.78,Sample,User,M,1 Main St,Springfield,FL,46727,45.8734,-110.3365,2985312,Analyst,2015-08-04,t000230,1578751031,45.6387,-110.0566,0
2020-01-11 14:33:10,4925991034716655,legit_Store,gas_transport,16.96,Sample,User,M,1 Main St,Springfield,NY,17442,37.1879,-108.7706,2489572,Analyst,1992-05-18,t000231,1578753190,36.748,-108.2947,0
2020-01-11 15:13:08,7485271270668504,legit_Store,grocery_pos,41.97,Sample,User,F,1 Main St,Springfield,NY,39017,37.5018,-113.862,351977,Analyst,2012-09-25,t000232,1578755588,37.5271,-113.3436,0
2020-01-11 15:36:34,1795362069921523,legit_Store,misc_net,33.67,Sample,User,F,1 Main St,Springfield,CA,88652,44.9594,-102.7658,638102,Analyst,1975-01-08,t000233,1578756994,44.4352,-103.3795,0
2020-01-11 16:57:22,5344186512941160,legit_Store,misc_net,16.66,Sample,User,F,1 Main St,Springfield,NY,82763,45.5073,-112.5414,2072778,Analyst,1983-03-18,t000234,1578761842,45.4102,-112.8995,0
2020-01-11 18:08:46,4925991034716655,legit_Store,gas_transport,41.44,Sample,User,F,1 Main St,Springfield,IL,75563,45.7965,-92.8186,2347741,Analyst,2000-09-14,t000235,1578766126,45.6438,-93.361,0
2020-01-11 18:28:06,4545881467050858,legit_Store,grocery_pos,20.4,Sample,User,F,1 Main St,Springfield,FL,45887,37.1042,-117.0208,2202117,Analyst,2004-10-18,t000236,1578767286,37.2517,-116.8313,0
2020-01-11 20:32:03,8850530502959312,legit_Store,travel,14.05,Sample,User,M,1 Main St,Springfield,TX,79813,34.6844,-108.774,2583895,Analyst,2009-08-06,t000237,1578774723,35.2792,-108.9819,0
2020-01-11 21:21:27,2756656498603730,legit_Store,entertainment,84.5,Sample,User,M,1 Main St,Springfield,CA,73924,39.16,-89.3895,1520764,Analyst,1987-08-22,t000238,1578777687,38.5766,-89.5362,0
2020-01-12 00:17:16,8113878616361537,legit_Store,food_dining,34.91,Sample,User,M,1 Main St,Springfield,TX,81262,37.1407,-102.4713,2630046,Analyst,2000-10-14,t000239,1578788236,37.823,-102.5363,0
2020-01-12 02:39:29,6190588434416954,legit_Store,grocery_pos,27.13,Sample,User,F,1 Main St,Springfield,TX,60198,45.3741,-101.3483,1788419,Analyst,2000-08-04,t000240,1578796769,45.3042,-101.2336,0
2020-01-12 03:30:11,3028210908533207,legit_Store,food_dining,112.13,Sample,User,F,1 Main St,Springfield,CA,55650,33.5129,-82.9017,1427679,Analyst,2018-07-11,t000241,1578799811,33.6172,-83.3473,0
2020-01-12 05:37:26,1795362069921523,legit_Store,misc_net,77.1,Sample,User,M,1 Main St,Springfield,FL,97008,41.8743,-73.7589,1909671,Analyst,1975-10-11,t000242,1578807446,41.4499,-74.1366,0
2020-01-12 06:08:05,4925991034716655,legit_Store,food_dining,5.86,Sample,User,M,1 Main St,Springfield,FL,95220,45.6865,-94.3117,1287010,Analyst,1970-10-22,t000243,1578809285,45.9856,-94.3113,0
2020-01-12 07:11:01,3263762355399028,legit_Store,shopping_net,66.77,Sample,User,M,1 Main St,Springfield,IL,58254,46.6734,-118.1257,1819572,Analyst,1998-05-03,t000244,1578813061,46.6858,-117.7661,0
2020-01-12 08:50:19,2003158103297896,legit_Store,gas_transport,66.54,Sample,User,F,1 Main St,Springfield,TX,28032,42.1018,-116.9578,2501539,Analyst,1970-10-10,t000245,1578819019,42.0834,-116.9654,0
2020-01-12 11:54:30,2022922764862306,legit_Store,gas_transport,40.08,Sample,User,F,1 Main St,Springfield,NY,46807,46.2989,-74.5435,2874639,Analyst,1979-08-27,t000246,1578830070,45.7177,-74.781,0
2020-01-12 12:54:46,5139687185153460,legit_Store,grocery_pos,38.87,Sample,User,M,1 Main St,Springfield,WA,55446,34.0592,-88.7175,1738888,Analyst,1994-08-23,t000247,1578833686,34.0814,-89.362,0
2020-01-12 13:19:50,5146285820020347,legit_Store,food_dining,10.29,Sample,User,F,1 Main St,Springfield,TX,70940,38.0299,-85.129,18190,Analyst,1983-03-14,t000248,1578835190,38.2836,-84.8432,0
2020-01-12 13:58:47,9416536213861522,legit_Store,shopping_net,178.37,Sample,User,M,1 Main St,Springfield,FL,38669,33.122,-88.8876,1864209,Analyst,1983-02-17,t000249,1578837527,33.0511,-89.1084,0
2020-01-12 16:16:47,9941331295964880,legit_Store,food_dining,41.31,Sample,User,F,1 Main St,Springfield,WA,14086,46.7366,-113.1987,756440,Analyst,1987-01-24,t000250,1578845807,47.0888,-113.543,0
2020-01-12 18:51:57,8850530502959312,legit_Store,food_dining,64.17,Sample,User,F,1 Main St,Springfield,IL,84017,45.6382,-100.0303,708965,Analyst,2003-11-01,t000251,1578855117,45.978,-100.5449,0
2020-01-12 19:18:31,8113878616361537,legit_Store,gas_transport,43.15,Sample,User,F,1 Main St,Springfield,NY,95409,33.3927,-82.8941,2643729,Analyst,1988-01-12,t000252,1578856711,33.2004,-83.3258,0
2020-01-12 20:50:46,5852979641773284,legit_Store,misc_net,27.53,Sample,User,F,1 Main St,Springfield,FL,17442,33.2539,-79.5482,1339024,Analyst,2009-02-02,t000253,1578862246,33.7324,-79.8366,0
2020-01-12 21:24:50,6814177925448492,legit_Store,grocery_pos,89.08,Sample,User,M,1 Main St,Springfield,CA,38664,38.1376,-110.3706,2371454,Analyst,1977-11-02,t000254,1578864290,38.1512,-110.4422,0
2020-01-12 23:20:25,1496685615352971,legit_Store,grocery_pos,55.64,Sample,User,F,1 Main St,Springfield,WA,49030,36.6195,-92.7979,1108977,Analyst,1975-01-18,t000255,1578871225,36.6345,-93.1605,0
2020-01-12 23:40:36,9284062461317298,legit_Store,travel,41.59,Sample,User,F,1 Main St,Springfield,CA,78437,44.8571,-114.302,1820908,Analyst,1978-03-16,t000256,1578872436,44.8867,-114.2463,0
2020-01-12 23:52:04,6504799461833276,legit_Store,entertainment,63.67,Sample,User,M,1 Main St,Springfield,WA,79612,35.2468,-75.0444,1996299,Analyst,2015-03-18,t000257,1578873124,35.2676,-75.1184,0
2020-01-13 02:33:58,2756656498603730,legit_Store,shopping_net,46.33,Sample,User,F,1 Main St,Springfield,NY,40898,44.0691,-109.642,2679878,Analyst,1983-09-04,t000258,1578882838,43.2801,-108.9754,0
2020-01-13 02:50:59,1795362069921523,legit_Store,gas_transport,149.74,Sample,User,F,1 Main St,Springfield,TX,38110,40.7624,-86.3949,590253,Analyst,1971-06-23,t000259,1578883859,40.7068,-86.9062,0
2020-01-13 03:00:24,9572703498255600,legit_Store,entertainment,86.99,Sample,User,M,1 Main St,Springfield,CA,46465,38.2835,-110.6755,1684094,Analyst,1985-07-16,t000260,1578884424,37.8743,-110.627,0
2020-01-13 03:24:11,8441077424332845,legit_Store,shopping_net,71.34,Sample,User,F,1 Main St,Springfield,WA,31642,35.0401,-91.8134,1217850,Analyst,2003-12-05,t000261,1578885851,35.528,-91.7612,0
2020-01-13 03:27:45,8441077424332845,legit_Store,gas_transport,11.68,Sample,User,M,1 Main St,Springfield,TX,49286,46.9677,-89.696,1392025,Analyst,1987-11-03,t000262,1578886065,47.4435,-90.0052,0
2020-01-13 03:37:56,7890921505852024,legit_Store,grocery_pos,73.12,Sample,User,F,1 Main St,Springfield,FL,33629,41.6518,-105.907,2546347,Analyst,1988-12-13,t000263,1578886676,41.9074,-105.8784,0
2020-01-13 06:19:55,5257682981261171,legit_Store,shopping_net,71.83,Sample,User,F,1 Main St,Springfield,TX,15421,39.1514,-81.8771,408333,Analyst,1974-04-05,t000264,1578896395,39.0798,-81.6463,0
2020-01-13 09:48:41,2756656498603730,legit_Store,shopping_net,20.74,Sample,User,F,1 Main St,Springfield,CA,74222,38.1958,-78.6168,1639790,Analyst,2002-11-22,t000265,1578908921,37.8934,-78.5879,0
2020-01-13 10:06:34,1496685615352971,legit_Store,food_dining,11.4,Sample,User,F,1 Main St,Springfield,FL,80842,45.6802,-80.1016,1164110,Analyst,1980-11-13,t000266,1578909994,45.4829,-79.6862,0
2020-01-13 11:06:46,9416536213861522,legit_Store,misc_net,84.52,Sample,User,F,1 Main St,Springfield,WA,35810,44.4967,-105.7909,2688235,Analyst,1974-10-24,t000267,1578913606,45.0795,-106.4442,0
2020-01-13 12:03:58,4545881467050858,legit_Store,grocery_pos,91.98,Sample,User,M,1 Main St,Springfield,FL,46074,44.3566,-85.5273,650033,Analyst,2005-03-24,t000268,1578917038,44.1489,-85.78,0
2020-01-13 13:02:34,9284062461317298,legit_Store,travel,29.65,Sample,User,F,1 Main St,Springfield,NY,46241,41.6268,-94.585,698349,Analyst,2016-03-07,t000269,1578920554,40.9201,-94.1424,0
2020-01-13 17:12:52,2003158103297896,legit_Store,misc_net,28.52,Sample,User,M,1 Main St,Springfield,WA,11992,45.4314,-92.9612,273452,Analyst,2000-02-02,t000270,1578935572,45.7404,-92.6876,0
2020-01-13 17:29:32,2003158103297896,legit_Store,food_dining,54.93,Sample,User,F,1 Main St,Springfield,FL,59109,37.1899,-98.6062,1320270,Analyst,2016-03-13,t000271,1578936572,37.64,-98.444,0
2020-01-13 21:00:06,8441077424332845,legit_Store,grocery_pos,34.82,Sample,User,F,1 Main St,Springfield,NY,51257,42.8519,-92.5872,33429,Analyst,1989-10-27,t000272,1578949206,43.3497,-92.2172,0
2020-01-13 23:33:07,2952586134692342,legit_Store,grocery_pos,11.13,Sample,User,F,1 Main St,Springfield,CA,94667,38.6623,-115.3529,1501748,Analyst,1995-08-07,t000273,1578958387,38.9738,-115.9279,0
2020-01-14 01:23:06,1736823452344955,legit_Store,grocery_pos,20.52,Sample,User,M,1 Main St,Springfield,NY,43458,41.4,-101.9665,671523,Analyst,1987-08-09,t000274,1578964986,41.7604,-101.7278,0
2020-01-14 03:09:12,6253320506725128,legit_Store,food_dining,62.47,Sample,User,M,1 Main St,Springfield,CA,81490,46.9741,-113.2941,1202301,Analyst,1995-02-11,t000275,1578971352,46.99,-112.9748,0
2020-01-14 03:37:56,6253320506725128,legit_Store,gas_transport,21.61,Sample,User,M,1 Main St,Springfield,WA,45154,46.7833,-108.2748,1815934,Analyst,2014-01-01,t000276,1578973076,46.1605,-108.4724,0
2020-01-14 05:56:56,2022922764862306,legit_Store,food_dining,95.2,Sample,User,F,1 Main St,Springfield,CA,26675,40.1767,-115.7371,2053796,Analyst,2001-04-14,t000277,1578981416,40.185,-114.9483,0
2020-01-14 12:51:13,9416536213861522,legit_Store,travel,71.0,Sample,User,M,1 Main St,Springfield,CA,41379,41.0341,-111.5877,184650,Analyst,1971-04-26,t000278,1579006273,41.2206,-111.5288,0
2020-01-14 14:44:58,9572703498255600,legit_Store,entertainment,64.31,Sample,User,F,1 Main St,Springfield,CA,89476,45.5625,-83.6855,447010,Analyst,1998-08-03,t000279,1579013098,45.5219,-84.3433,0
2020-01-14 15:13:25,2148643081502707,legit_Store,travel,54.07,Sample,User,F,1 Main St,Springfield,NY,33068,46.7989,-95.058,953988,Analyst,1988-08-04,t000280,1579014805,46.7446,-94.9436,0
2020-01-14 16:41:02,3028210908533207,legit_Store,travel,26.46,Sample,User,M,1 Main St,Springfield,CA,86028,43.9005,-120.8415,1558681,Analyst,1996-10-14,t000281,1579020062,43.6113,-121.0574,0
2020-01-14 18:42:16,2003158103297896,legit_Store,food_dining,78.04,Sample,User,F,1 Main St,Springfield,FL,69891,33.9126,-83.3623,2650645,Analyst,1997-06-27,t000282,1579027336,33.6121,-83.0128,0
2020-01-14 19:30:29,5257682981261171,legit_Store,food_dining,25.8,Sample,User,M,1 Main St,Springfield,CA,77069,37.517,-77.436,417178,Analyst,1999-01-14,t000283,1579030229,38.0684,-77.2717,0
2020-01-14 21:02:38,2952586134692342,legit_Store,entertainment,98.87,Sample,User,M,1 Main St,Springfield,WA,77724,45.5519,-78.859,204556,Analyst,2012-09-09,t000284,1579035758,46.1142,-79.0383,0
2020-01-14 22:54:02,6253320506725128,legit_Store,gas_transport,134.41,Sample,User,M,1 Main St,Springfield,FL,56521,43.7569,-81.6722,1887963,Analyst,2012-04-25,t000285,1579042442,43.7561,-81.2214,0
2020-01-14 23:00:09,1795362069921523,legit_Store,grocery_pos,55.4,Sample,User,F,1 Main St,Springfield,CA,64166,43.3913,-73.3814,2936677,Analyst,2017-11-17,t000286,1579042809,43.4757,-73.0996,0
2020-01-14 23:18:26,8441077424332845,legit_Store,misc_net,122.7,Sample,User,F,1 Main St,Springfield,TX,16283,42.3509,-93.2663,2490914,Analyst,2000-02-12,t000287,1579043906,42.0567,-93.5147,0
2020-01-15 00:52:22,6504799461833276,legit_Store,shopping_net,20.79,Sample,User,F,1 Main St,Springfield,CA,72914,38.8137,-74.8332,1696763,Analyst,1984-01-23,t000288,1579049542,39.0065,-74.8788,0
2020-01-15 01:43:50,1795362069921523,legit_Store,misc_net,71.57,Sample,User,M,1 Main St,Springfield,IL,74034,38.6454,-75.5066,60971,Analyst,1979-08-27,t000289,1579052630,39.1733,-75.3516,0
2020-01-15 02:32:23,8113878616361537,legit_Store,grocery_pos,48.98,Sample,User,M,1 Main St,Springfield,FL,19332,44.3251,-106.6513,1729035,Analyst,2011-11-09,t000290,1579055543,43.8663,-106.7606,0
2020-01-15 04:47:37,5344186512941160,legit_Store,shopping_net,85.54,Sample,User,M,1 Main St,Springfield,WA,56650,37.1129,-79.6917,1371351,Analyst,2015-01-15,t000291,1579063657,37.2521,-79.7921,0
2020-01-15 04:54:45,1764780845341268,legit_Store,shopping_net,6.3,Sample,User,F,1 Main St,Springfield,TX,55804,42.5876,-83.1688,1341407,Analyst,1971-11-02,t000292,1579064085,42.7494,-83.1578,0
2020-01-15 06:13:40,5146285820020347,legit_Store,travel,82.02,Sample,User,F,1 Main St,Springfield,CA,37879,43.1669,-83.9859,1478618,Analyst,1980-08-23,t000293,1579068820,43.3252,-84.3056,0
2020-01-15 07:30:57,3990107358663351,legit_Store,travel,28.68,Sample,User,M,1 Main St,Springfield,NY,15951,44.8238,-78.0822,1684996,Analyst,2003-06-25,t000294,1579073457,45.3166,-78.7521,0
2020-01-15 09:55:33,6504799461833276,legit_Store,entertainment,50.85,Sample,User,M,1 Main St,Springfield,TX,10894,37.4784,-103.1747,2161042,Analyst,1978-02-20,t000295,1579082133,38.0892,-103.1029,0
2020-01-15 10:47:32,8441077424332845,legit_Store,food_dining,176.36,Sample,User,M,1 Main St,Springfield,WA,28769,43.3864,-102.3973,577178,Analyst,1972-06-19,t000296,1579085252,43.3164,-102.994,0
2020-01-15 10:59:51,1736823452344955,legit_Store,misc_net,73.29,Sample,User,F,1 Main St,Springfield,TX,30794,34.4909,-90.6374,225085,Analyst,2019-02-20,t000297,1579085991,34.6928,-90.9353,0
2020-01-15 11:34:32,2952586134692342,legit_Store,travel,66.57,Sample,User,F,1 Main St,Springfield,IL,29072,34.9329,-85.8476,155244,Analyst,1974-09-28,t000298,1579088072,34.9581,-86.3791,0
2020-01-15 11:57:36,2022922764862306,legit_Store,travel,62.71,Sample,User,M,1 Main St,Springfield,TX,64511,38.8427,-78.8929,1218656,Analyst,1980-07-08,t000299,1579089456,38.6531,-79.3874,0
2020-01-15 13:10:31,6253320506725128,legit_Store,grocery_pos,106.01,Sample,User,F,1 Main St,Springfield,NY,47903,33.7732,-79.0836,1524322,Analyst,2018-09-27,t000300,1579093831,33.8544,-78.9557,0
2020-01-15 14:46:45,5344186512941160,legit_Store,entertainment,87.58,Sample,User,M,1 Main St,Springfield,TX,20107,46.2678,-86.6544,2356658,Analyst,1974-12-07,t000301,1579099605,46.4692,-86.7211,0
2020-01-15 14:52:52,5612453486702081,legit_Store,shopping_net,63.22,Sample,User,M,1 Main St,Springfield,CA,17553,45.6265,-75.1123,1300963,Analyst,2009-06-01,t000302,1579099972,45.6916,-75.1898,0
2020-01-15 15:39:18,6190588434416954,legit_Store,gas_transport,57.64,Sample,User,M,1 Main St,Springfield,WA,68987,33.6851,-113.2472,1596901,Analyst,1997-09-12,t000303,1579102758,33.4207,-113.642,0
2020-01-15 16:30:25,7483596486795854,legit_Store,misc_net,54.84,Sample,User,M,1 Main St,Springfield,CA,94108,44.7364,-75.4333,2930188,Analyst,1996-08-10,t000304,1579105825,44.5973,-75.6301,0
2020-01-15 17:10:22,6504799461833276,legit_Store,travel,46.95,Sample,User,F,1 Main St,Springfield,FL,83769,40.1242,-118.8546,2249788,Analyst,2010-10-07,t000305,1579108222,39.9875,-118.7417,0
2020-01-15 18:20:09,2003158103297896,legit_Store,travel,16.69,Sample,User,F,1 Main St,Springfield,TX,78196,42.8275,-94.7745,2073062,Analyst,1971-01-20,t000306,1579112409,42.5747,-94.7902,0
2020-01-15 19:13:11,4147592385620476,legit_Store,misc_net,72.18,Sample,User,F,1 Main St,Springfield,TX,38635,45.417,-117.5803,1092665,Analyst,1972-12-29,t000307,1579115591,45.5111,-117.3335,0
2020-01-15 20:53:20,7485271270668504,legit_Store,shopping_net,31.16,Sample,User,F,1 Main St,Springfield,FL,73358,41.0776,-94.168,457445,Analyst,1979-08-21,t000308,1579121600,41.2031,-93.8784,0
2020-01-15 21:42:18,6814177925448492,legit_Store,shopping_net,42.66,Sample,User,M,1 Main St,Springfield,WA,17378,34.6286,-102.8846,2760342,Analyst,1994-02-25,t000309,1579124538,34.9224,-102.9603,0
2020-01-15 23:07:05,1764780845341268,legit_Store,food_dining,91.72,Sample,User,M,1 Main St,Springfield,IL,25422,33.0361,-118.0011,1660921,Analyst,2017-06-03,t000310,1579129625,32.7788,-118.5568,0
2020-01-16 03:30:29,2952586134692342,legit_Store,shopping_net,47.8,Sample,User,M,1 Main St,Springfield,NY,22572,39.9569,-90.2423,232958,Analyst,1973-05-18,t000311,1579145429,39.7837,-90.4693,0
2020-01-16 04:35:08,8850530502959312,legit_Store,misc_net,44.99,Sample,User,M,1 Main St,Springfield,WA,26531,46.2892,-86.1713,1447382,Analyst,1990-09-15,t000312,1579149308,46.7556,-86.2006,0
2020-01-16 04:41:16,5257682981261171,legit_Store,travel,55.52,Sample,User,F,1 Main St,Springfield,IL,42211,41.0167,-113.4649,274402,Analyst,1991-02-16,t000313,1579149676,40.9674,-113.6979,0
2020-01-16 04:52:19,2022922764862306,legit_Store,misc_net,38.47,Sample,User,F,1 Main St,Springfield,IL,13927,38.2211,-87.9726,2943978,Analyst,1979-09-07,t000314,1579150339,38.2302,-88.289,0
2020-01-16 05:16:36,3990107358663351,legit_Store,gas_transport,173.88,Sample,User,F,1 Main St,Springfield,IL,83208,33.4329,-113.2267,1585929,Analyst,1986-12-14,t000315,1579151796,33.3804,-113.2057,0
2020-01-16 06:08:21,9284062461317298,legit_Store,misc_net,158.36,Sample,User,M,1 Main St,Springfield,WA,74352,45.8097,-115.2676,2355122,Analyst,1979-11-27,t000316,1579154901,46.1496,-114.5385,0
2020-01-16 07:21:14,1795362069921523,legit_Store,misc_net,155.63,Sample,User,F,1 Main St,Springfield,NY,67084,37.5802,-114.7792,1413000,Analyst,1976-10-04,t000317,1579159274,37.9317,-114.9257,0
2020-01-16 08:35:23,2003158103297896,legit_Store,shopping_net,62.86,Sample,User,M,1 Main St,Springfield,WA,25792,42.8669,-92.6452,60182,Analyst,1995-09-09,t000318,1579163723,43.2008,-92.646,0
2020-01-16 10:43:50,8088000790853405,legit_Store,entertainment,29.52,Sample,User,M,1 Main St,Springfield,WA,88109,42.7193,-83.8393,1915764,Analyst,2015-11-19,t000319,1579171430,42.7273,-84.2329,0
2020-01-16 11:14:38,6253320506725128,legit_Store,grocery_pos,93.43,Sample,User,F,1 Main St,Springfield,NY,10574,36.5544,-92.7522,1959680,Analyst,1989-12-01,t000320,1579173278,36.2926,-92.3792,0
2020-01-16 13:35:36,6728159149816614,legit_Store,travel,38.71,Sample,User,F,1 Main St,Springfield,WA,99497,33.8929,-82.3418,687939,Analyst,2001-04-15,t000321,1579181736,34.4704,-82.0794,0
2020-01-16 14:54:06,4545881467050858,legit_Store,gas_transport,99.13,Sample,User,F,1 Main St,Springfield,WA,75410,38.39,-93.0176,2149641,Analyst,2003-01-10,t000322,1579186446,38.6469,-92.7759,0
2020-01-16 17:56:35,5612453486702081,legit_Store,grocery_pos,28.36,Sample,User,F,1 Main St,Springfield,TX,28230,37.4398,-82.9313,678858,Analyst,2011-07-20,t000323,1579197395,37.3028,-82.5233,0
2020-01-16 20:56:14,2952586134692342,legit_Store,entertainment,66.18,Sample,User,F,1 Main St,Springfield,IL,27709,42.8036,-74.1504,2075028,Analyst,2010-08-23,t000324,1579208174,43.2307,-74.2786,0
2020-01-16 22:51:09,3028210908533207,legit_Store,gas_transport,108.81,Sample,User,M,1 Main St,Springfield,CA,72533,44.477,-102.843,2247579,Analyst,2014-08-25,t000325,1579215069,44.3163,-102.9337,0
2020-01-16 23:42:25,6190588434416954,legit_Store,food_dining,40.45,Sample,User,F,1 Main St,Springfield,WA,82733,36.1142,-114.6528,413205,Analyst,2010-02-20,t000326,1579218145,36.5374,-114.1399,0
2020-01-17 00:26:41,6190588434416954,legit_Store,travel,40.34,Sample,User,F,1 Main St,Springfield,WA,51986,40.3952,-115.3656,876003,Analyst,2015-11-04,t000327,1579220801,40.8387,-115.1757,0
2020-01-17 05:34:13,9416536213861522,legit_Store,entertainment,12.66,Sample,User,M,1 Main St,Springfield,CA,15407,33.5685,-92.7236,490745,Analyst,2017-08-11,t000328,1579239253,33.2921,-93.3894,0
2020-01-17 05:42:37,6190588434416954,legit_Store,food_dining,29.11,Sample,User,F,1 Main St,Springfield,TX,54412,35.9996,-95.1919,2182147,Analyst,2006-11-14,t000329,1579239757,36.1741,-95.0555,0
2020-01-17 05:53:33,3990107358663351,legit_Store,shopping_net,61.97,Sample,User,M,1 Main St,Springfield,FL,53148,43.6647,-112.9725,707430,Analyst,1994-04-22,t000330,1579240413,43.8993,-113.147,0
2020-01-17 08:01:40,6814177925448492,legit_Store,misc_net,68.93,Sample,User,F,1 Main St,Springfield,NY,39302,44.1076,-78.7769,1922480,Analyst,1985-02-16,t000331,1579248100,44.892,-78.5074,0
2020-01-17 09:23:22,7485271270668504,legit_Store,entertainment,76.25,Sample,User,F,1 Main St,Springfield,IL,91268,43.8697,-75.1193,1253318,Analyst,1998-02-27,t000332,1579253002,43.647,-74.9969,0
2020-01-17 11:44:53,5257682981261171,legit_Store,misc_net,8.08,Sample,User,F,1 Main St,Springfield,FL,40825,34.9934,-109.5924,250898,Analyst,2010-11-07,t000333,1579261493,35.4232,-110.1146,0
2020-01-17 12:13:10,2148643081502707,legit_Store,travel,38.86,Sample,User,F,1 Main St,Springfield,NY,31921,40.7145,-111.8627,2648218,Analyst,2007-02-19,t000334,1579263190,40.7197,-111.7821,0
2020-01-17 16:21:06,5139687185153460,legit_Store,shopping_net,14.26,Sample,User,M,1 Main St,Springfield,TX,70864,38.9179,-111.5178,2133677,Analyst,1995-08-21,t000335,1579278066,38.5455,-111.4546,0
2020-01-17 16:25:43,6190588434416954,legit_Store,shopping_net,59.72,Sample,User,F,1 Main St,Springfield,CA,65645,46.8808,-103.0163,785656,Analyst,1973-10-02,t000336,1579278343,46.8448,-102.9073,0
2020-01-17 16:28:59,5257682981261171,legit_Store,entertainment,10.3,Sample,User,F,1 Main St,Springfield,CA,65871,42.157,-80.1919,2638666,Analyst,1983-05-22,t000337,1579278539,42.1577,-80.0192,0
2020-01-17 20:04:49,1138743822553442,legit_Store,gas_transport,18.65,Sample,User,F,1 Main St,Springfield,WA,55364,46.0928,-92.7979,2126804,Analyst,1998-06-12,t000338,1579291489,45.7752,-92.3491,0
2020-01-17 20:29:26,6728159149816614,legit_Store,shopping_net,86.55,Sample,User,M,1 Main St,Springfield,IL,38665,35.0349,-118.6899,2450122,Analyst,1989-01-04,t000339,1579292966,35.1286,-118.5657,0
2020-01-17 20:58:35,4147592385620476,legit_Store,food_dining,32.01,Sample,User,F,1 Main St,Springfield,NY,33184,39.3122,-98.824,535188,Analyst,1992-06-24,t000340,1579294715,39.5996,-98.8172,0
2020-01-17 21:11:34,1138743822553442,legit_Store,food_dining,123.4,Sample,User,F,1 Main St,Springfield,NY,20672,43.8025,-117.5737,27576,Analyst,1984-11-05,t000341,1579295494,43.874,-117.2294,0
2020-01-17 23:52:32,1764780845341268,legit_Store,gas_transport,77.66,Sample,User,M,1 Main St,Springfield,WA,26710,38.15,-102.0955,186347,Analyst,1973-10-01,t000342,1579305152,37.9875,-101.4227,0
2020-01-18 00:16:11,4147592385620476,legit_Store,grocery_pos,40.63,Sample,User,M,1 Main St,Springfield,FL,62041,41.8551,-102.2275,1619602,Analyst,1992-12-22,t000343,1579306571,41.8106,-101.953,0
2020-01-18 00:49:41,1795362069921523,legit_Store,gas_transport,96.13,Sample,User,F,1 Main St,Springfield,CA,46550,40.1638,-90.2307,2360230,Analyst,1991-12-06,t000344,1579308581,40.1625,-90.1689,0
2020-01-18 01:44:19,4147592385620476,legit_Store,food_dining,43.41,Sample,User,M,1 Main St,Springfield,WA,76544,46.887,-95.0768,2740098,Analyst,2008-07-04,t000345,1579311859,46.9522,-94.947,0
2020-01-18 01:59:48,8778151487528435,legit_Store,gas_transport,83.15,Sample,User,M,1 Main St,Springfield,NY,82385,35.4342,-79.137,2882951,Analyst,1975-07-12,t000346,1579312788,35.7672,-79.0602,0
2020-01-18 04:28:57,3990107358663351,legit_Store,grocery_pos,27.9,Sample,User,F,1 Main St,Springfield,CA,60275,46.0949,-121.2025,1796578,Analyst,1993-11-23,t000347,1579321737,46.1765,-121.197,0
2020-01-18 06:56:38,9572703498255600,legit_Store,entertainment,99.98,Sample,User,M,1 Main St,Springfield,TX,19418,38.622,-84.0741,1894138,Analyst,2012-01-29,t000348,1579330598,38.2012,-83.4245,0
2020-01-18 07:02:55,2952586134692342,legit_Store,travel,11.39,Sample,User,M,1 Main St,Springfield,WA,10328,39.5519,-120.8897,871687,Analyst,1983-03-15,t000349,1579330975,39.3832,-121.1145,0
2020-01-18 07:11:32,6728159149816614,legit_Store,gas_transport,18.62,Sample,User,M,1 Main St,Springfield,FL,30561,40.4004,-107.0898,4472,Analyst,1985-08-03,t000350,1579331492,40.4502,-106.7433,0
2020-01-18 08:16:49,4925991034716655,legit_Store,grocery_pos,21.75,Sample,User,F,1 Main St,Springfield,FL,35408,36.7151,-78.8965,584439,Analyst,1974-04-23,t000351,1579335409,37.0524,-78.9343,0
2020-01-18 08:37:15,5852979641773284,legit_Store,grocery_pos,30.47,Sample,User,M,1 Main St,Springfield,NY,16628,46.4912,-88.1697,167629,Analyst,1998-04-25,t000352,1579336635,46.8806,-88.6138,0
2020-01-18 10:55:18,5146285820020347,legit_Store,grocery_pos,63.59,Sample,User,M,1 Main St,Springfield,TX,80071,45.7608,-113.5722,2055157,Analyst,2012-03-04,t000353,1579344918,46.2932,-113.6287,0
2020-01-18 12:33:55,5257682981261171,legit_Store,gas_transport,49.78,Sample,User,M,1 Main St,Springfield,WA,43037,46.6207,-97.9516,1509822,Analyst,1993-09-23,t000354,1579350835,46.6599,-98.1156,0
2020-01-18 14:46:30,5612453486702081,legit_Store,gas_transport,83.82,Sample,User,M,1 Main St,Springfield,FL,76828,46.9569,-86.6267,2313990,Analyst,1990-07-27,t000355,1579358790,47.1859,-86.4534,0
2020-01-18 16:26:50,8778151487528435,legit_Store,entertainment,109.84,Sample,User,F,1 Main St,Springfield,NY,28792,42.3772,-76.0702,445100,Analyst,2006-12-01,t000356,1579364810,41.9409,-76.0428,0
2020-01-18 16:28:28,9572703498255600,legit_Store,gas_transport,10.08,Sample,User,M,1 Main St,Springfield,IL,10936,39.3236,-90.9183,2737841,Analyst,1991-10-12,t000357,1579364908,39.4526,-91.2249,0
2020-01-18 17:19:01,1795362069921523,legit_Store,shopping_net,118.86,Sample,User,F,1 Main St,Springfield,CA,22327,44.9103,-120.7909,2158898,Analyst,1989-08-24,t000358,1579367941,44.5877,-120.3496,0
2020-01-18 18:17:14,8850530502959312,legit_Store,misc_net,42.66,Sample,User,M,1 Main St,Springfield,IL,52326,33.3333,-97.5146,2717244,Analyst,2007-08-21,t000359,1579371434,33.3145,-97.1876,0
2020-01-18 18:45:40,2022922764862306,legit_Store,entertainment,153.65,Sample,User,M,1 Main St,Springfield,WA,53171,44.6817,-114.5049,1945695,Analyst,1983-12-31,t000360,1579373140,45.5906,-114.0291,0
2020-01-18 19:30:07,3028210908533207,legit_Store,entertainment,26.84,Sample,User,M,1 Main St,Springfield,CA,49358,39.962,-119.6588,1018501,Analyst,2011-11-17,t000361,1579375807,40.0531,-119.5877,0
2020-01-18 22:28:43,9248879179845191,legit_Store,entertainment,7.06,Sample,User,M,1 Main St,Springfield,NY,96350,42.4251,-92.673,1878897,Analyst,1983-03-20,t000362,1579386523,42.1659,-92.6837,0
2020-01-18 23:06:42,1795362069921523,legit_Store,travel,78.28,Sample,User,M,1 Main St,Springfield,TX,68704,38.2366,-83.9308,1812026,Analyst,1995-03-11,t000363,1579388802,38.359,-83.7198,0
2020-01-19 01:21:58,6814177925448492,legit_Store,gas_transport,74.88,Sample,User,M,1 Main St,Springfield,IL,75873,38.1607,-120.233,543591,Analyst,1982-05-02,t000364,1579396918,38.0056,-120.4063,0
2020-01-19 01:56:00,2022922764862306,legit_Store,shopping_net,19.09,Sample,User,F,1 Main St,Springfield,FL,21248,33.444,-83.6041,305456,Analyst,2001-03-01,t000365,1579398960,33.1558,-83.5651,0
2020-01-19 02:10:38,6504799461833276,legit_Store,misc_net,20.94,Sample,User,F,1 Main St,Springfield,NY,51901,38.9331,-87.387,1951159,Analyst,1991-05-26,t000366,1579399838,39.564,-87.4397,0
2020-01-19 02:46:31,6728159149816614,fraud_Kirlin,shopping_net,228.16,Sample,User,M,1 Main St,Springfield,IL,65926,38.717,-85.1526,284293,Analyst,1981-10-14,t000367,1579401991,35.107,-84.8556,1
2020-01-19 02:58:59,8113878616361537,legit_Store,grocery_pos,65.82,Sample,User,M,1 Main St,Springfield,CA,62629,36.1471,-110.0083,301916,Analyst,2006-08-31,t000368,1579402739,36.2507,-109.9701,0
2020-01-19 03:34:17,7890921505852024,legit_Store,misc_net,39.35,Sample,User,M,1 Main St,Springfield,WA,95221,36.4625,-102.7138,215334,Analyst,2016-01-31,t000369,1579404857,36.345,-102.8461,0
2020-01-19 05:41:17,2148643081502707,legit_Store,travel,70.68,Sample,User,F,1 Main St,Springfield,WA,52814,41.178,-116.1322,1866854,Analyst,1971-05-20,t000370,1579412477,41.0847,-116.205,0
2020-01-19 06:25:54,2756656498603730,legit_Store,food_dining,61.17,Sample,User,M,1 Main St,Springfield,TX,43457,37.4488,-110.2943,2781505,Analyst,1997-12-27,t000371,1579415154,37.9115,-110.1852,0
2020-01-19 06:46:28,3263762355399028,legit_Store,misc_net,23.04,Sample,User,M,1 Main St,Springfield,CA,94993,44.6235,-107.1633,1491555,Analyst,2005-05-30,t000372,1579416388,44.7155,-106.7815,0
2020-01-19 08:34:39,2003158103297896,legit_Store,grocery_pos,92.8,Sample,User,M,1 Main St,Springfield,IL,40361,34.5594,-106.3476,458144,Analyst,2005-06-18,t000373,1579422879,33.6345,-106.6022,0
2020-01-19 10:51:01,2148643081502707,legit_Store,entertainment,80.73,Sample,User,F,1 Main St,Springfield,IL,61317,41.087,-113.423,1538480,Analyst,1980-11-14,t000374,1579431061,41.8133,-113.524,0
2020-01-19 14:51:57,9416536213861522,legit_Store,misc_net,50.64,Sample,User,M,1 Main St,Springfield,TX,12544,35.2406,-112.7531,1447496,Analyst,1975-08-18,t000375,1579445517,35.2955,-112.9826,0
2020-01-19 14:52:54,8113878616361537,legit_Store,misc_net,88.25,Sample,User,F,1 Main St,Springfield,NY,24901,40.3954,-77.828,1780489,Analyst,1995-04-24,t000376,1579445574,40.4984,-78.077,0
2020-01-19 15:47:04,4925991034716655,legit_Store,grocery_pos,166.35,Sample,User,M,1 Main St,Springfield,NY,15165,40.7356,-83.5892,1299784,Analyst,2001-05-22,t000377,1579448824,41.0617,-83.7676,0
2020-01-19 17:48:28,1138743822553442,legit_Store,misc_net,20.71,Sample,User,M,1 Main St,Springfield,CA,47604,41.9922,-105.1206,1596804,Analyst,1984-04-07,t000378,1579456108,42.1318,-105.1795,0
2020-01-19 18:06:02,9416536213861522,legit_Store,gas_transport,40.78,Sample,User,F,1 Main St,Springfield,FL,93840,38.9839,-75.5655,974988,Analyst,1988-03-08,t000379,1579457162,39.208,-75.3897,0
2020-01-19 20:00:23,1795362069921523,legit_Store,grocery_pos,42.39,Sample,User,M,1 Main St,Springfield,FL,16415,40.1326,-110.2928,2718588,Analyst,1996-03-22,t000380,1579464023,40.0055,-110.1967,0
2020-01-19 20:47:36,2003158103297896,legit_Store,entertainment,86.91,Sample,User,F,1 Main St,Springfield,TX,97794,35.5333,-102.0658,1613654,Analyst,1992-03-07,t000381,1579466856,35.1644,-102.3829,0
2020-01-19 20:48:32,9941331295964880,legit_Store,travel,30.16,Sample,User,M,1 Main St,Springfield,FL,88206,39.4822,-82.1373,933033,Analyst,1993-10-30,t000382,1579466912,39.5663,-81.749,0
2020-01-19 22:56:16,9941331295964880,legit_Store,grocery_pos,83.57,Sample,User,F,1 Main St,Springfield,FL,10507,38.2224,-100.2986,9369,Analyst,2003-08-14,t000383,1579474576,38.6519,-100.0152,0
2020-01-19 23:20:54,9416536213861522,legit_Store,grocery_pos,33.23,Sample,User,M,1 Main St,Springfield,CA,11388,42.3258,-110.5034,2036454,Analyst,2018-07-05,t000384,1579476054,42.1315,-110.7737,0
2020-01-20 00:32:20,7485271270668504,legit_Store,grocery_pos,18.54,Sample,User,F,1 Main St,Springfield,TX,91060,39.0875,-103.9418,1141067,Analyst,2009-03-30,t000385,1579480340,38.8691,-103.5745,0
2020-01-20 00:40:48,2022922764862306,legit_Store,shopping_net,52.93,Sample,User,F,1 Main St,Springfield,IL,62674,43.9108,-97.4647,747783,Analyst,1970-05-28,t000386,1579480848,44.2771,-97.3666,0
2020-01-20 00:42:02,6728159149816614,legit_Store,food_dining,32.63,Sample,User,F,1 Main St,Springfield,WA,25656,38.9639,-91.5884,1438552,Analyst,1987-03-21,t000387,1579480922,38.8267,-91.6354,0
2020-01-20 01:23:43,4925991034716655,legit_Store,misc_net,56.92,Sample,User,M,1 Main St,Springfield,IL,95843,36.3008,-102.1253,1455873,Analyst,1970-06-25,t000388,1579483423,36.1776,-102.0179,0
2020-01-20 01:54:25,9572703498255600,legit_Store,grocery_pos,67.26,Sample,User,M,1 Main St,Springfield,IL,60521,36.8316,-100.8661,2410109,Analyst,2013-01-13,t000389,1579485265,36.7197,-100.8738,0
2020-01-20 02:23:23,8113878616361537,legit_Store,grocery_pos,10.91,Sample,User,F,1 Main St,Springfield,CA,67168,33.634,-109.0668,1628182,Analyst,2001-10-04,t000390,1579487003,33.6145,-108.9032,0
2020-01-20 02:29:41,4545881467050858,legit_Store,entertainment,35.83,Sample,User,M,1 Main St,Springfield,NY,71032,40.5589,-95.768,2103189,Analyst,1980-10-16,t000391,1579487381,40.0868,-95.7118,0
2020-01-20 03:33:02,2756656498603730,legit_Store,misc_net,52.96,Sample,User,M,1 Main St,Springfield,TX,28145,44.6323,-111.2466,1941618,Analyst,2011-05-10,t000392,1579491182,44.4705,-111.3479,0
2020-01-20 03:35:07,3028210908533207,legit_Store,misc_net,88.51,Sample,User,F,1 Main St,Springfield,FL,42314,43.7676,-79.4912,2549435,Analyst,1997-09-28,t000393,1579491307,43.8367,-80.099,0
2020-01-20 05:30:26,9572703498255600,legit_Store,gas_transport,81.15,Sample,User,M,1 Main St,Springfield,WA,21580,39.1291,-85.379,19622,Analyst,1972-07-14,t000394,1579498226,39.196,-85.2209,0
2020-01-20 07:00:27,5139687185153460,legit_Store,travel,24.83,Sample,User,M,1 Main St,Springfield,WA,57608,35.7457,-101.8963,1129518,Analyst,1977-06-15,t000395,1579503627,36.0931,-102.0084,0
2020-01-20 07:01:32,8850530502959312,legit_Store,misc_net,44.04,Sample,User,F,1 Main St,Springfield,WA,98857,45.0888,-85.3858,2146492,Analyst,2009-11-20,t000396,1579503692,45.6406,-85.1525,0
2020-01-20 07:59:26,1764780845341268,legit_Store,entertainment,69.78,Sample,User,M,1 Main St,Springfield,CA,66478,33.7949,-121.6572,423575,Analyst,1984-04-03,t000397,1579507166,34.2487,-121.5127,0
2020-01-20 08:23:10,5139687185153460,legit_Store,food_dining,41.69,Sample,User,F,1 Main St,Springfield,WA,72278,38.5891,-105.12,1326157,Analyst,1995-11-07,t000398,1579508590,38.8635,-105.2243,0
2020-01-20 08:23:20,1496685615352971,legit_Store,grocery_pos,27.0,Sample,User,F,1 Main St,Springfield,WA,27453,44.9926,-100.4252,1203768,Analyst,2014-02-16,t000399,1579508600,44.948,-100.1183,0
2020-01-20 12:29:36,7483596486795854,legit_Store,gas_transport,48.34,Sample,User,M,1 Main St,Springfield,WA,58775,38.5045,-98.9799,2417113,Analyst,1984-04-01,t000400,1579523376,38.3176,-98.9184,0
2020-01-20 13:11:18,4147592385620476,legit_Store,travel,65.15,Sample,User,M,1 Main St,Springfield,FL,99482,34.6503,-85.3122,2889215,Analyst,1970-07-28,t000401,1579525878,34.6556,-85.2631,0
2020-01-20 14:13:38,8441077424332845,legit_Store,travel,22.75,Sample,User,F,1 Main St,Springfield,CA,17929,36.7233,-74.8224,319891,Analyst,1974-02-18,t000402,1579529618,36.899,-74.8639,0
2020-01-20 15:35:37,9284062461317298,legit_Store,misc_net,75.22,Sample,User,M,1 Main St,Springfield,CA,28349,41.4004,-103.3801,643768,Analyst,2015-02-15,t000403,1579534537,41.647,-102.8751,0
2020-01-20 16:50:24,6253320506725128,legit_Store,gas_transport,55.31,Sample,User,M,1 Main St,Springfield,WA,74788,35.1285,-104.8206,2322858,Analyst,1999-07-26,t000404,1579539024,35.3154,-105.0346,0
2020-01-20 19:00:00,2022922764862306,legit_Store,misc_net,77.15,Sample,User,F,1 Main St,Springfield,IL,10930,42.1691,-92.0848,525091,Analyst,1986-03-09,t000405,1579546800,42.1327,-92.1816,0
2020-01-20 20:15:34,8441077424332845,legit_Store,travel,47.52,Sample,User,F,1 Main St,Springfield,WA,28593,39.1343,-108.2186,1491356,Analyst,1973-11-16,t000406,1579551334,39.3703,-108.5898,0
2020-01-20 21:27:33,3028210908533207,legit_Store,entertainment,150.12,Sample,User,M,1 Main St,Springfield,TX,94984,37.6815,-115.0738,2833067,Analyst,2004-04-16,t000407,1579555653,38.0597,-114.8558,0
2020-01-20 23:39:20,6814177925448492,legit_Store,grocery_pos,64.24,Sample,User,M,1 Main St,Springfield,FL,11724,36.373,-74.8845,2925921,Analyst,1971-12-15,t000408,1579563560,36.637,-75.0591,0
2020-01-21 00:26:18,1736823452344955,legit_Store,food_dining,83.32,Sample,User,M,1 Main St,Springfield,NY,48621,44.5266,-82.333,2849819,Analyst,1974-07-09,t000409,1579566378,44.517,-82.474,0
2020-01-21 01:07:12,1736823452344955,legit_Store,gas_transport,75.0,Sample,User,F,1 Main St,Springfield,FL,39694,38.5534,-75.0335,404068,Analyst,1999-04-10,t000410,1579568832,38.3033,-75.1886,0
2020-01-21 01:08:50,9941331295964880,legit_Store,misc_net,43.6,Sample,User,M,1 Main St,Springfield,NY,45875,43.3387,-111.3262,448561,Analyst,2001-08-08,t000411,1579568930,43.0814,-111.3074,0
2020-01-21 04:01:37,6253320506725128,legit_Store,shopping_net,60.16,Sample,User,F,1 Main St,Springfield,WA,33225,39.165,-121.1273,528871,Analyst,1998-01-30,t000412,1579579297,38.9606,-121.5026,0
2020-01-21 07:22:38,6504799461833276,legit_Store,misc_net,30.76,Sample,User,M,1 Main St,Springfield,WA,34810,34.2861,-100.5742,2308589,Analyst,2014-10-27,t000413,1579591358,34.3633,-101.2472,0
2020-01-21 07:57:07,5344186512941160,legit_Store,entertainment,143.02,Sample,User,M,1 Main St,Springfield,CA,78465,39.1671,-76.2532,537903,Analyst,1983-04-07,t000414,1579593427,39.323,-76.1158,0
2020-01-21 08:37:26,6190588434416954,legit_Store,gas_transport,69.41,Sample,User,F,1 Main St,Springfield,IL,12324,40.1076,-115.2221,1289797,Analyst,1997-05-12,t000415,1579595846,39.6833,-115.8561,0
2020-01-21 08:50:52,6190588434416954,fraud_Kirlin,travel,107.06,Sample,User,F,1 Main St,Springfield,WA,21659,39.4098,-116.2579,2455268,Analyst,1985-01-30,t000416,1579596652,37.892,-119.1338,1
2020-01-21 10:27:02,9284062461317298,legit_Store,entertainment,122.0,Sample,User,F,1 Main St,Springfield,TX,33810,44.4274,-118.6213,1477154,Analyst,1987-11-06,t000417,1579602422,44.5004,-118.1538,0
2020-01-21 11:35:50,1764780845341268,legit_Store,misc_net,45.34,Sample,User,F,1 Main St,Springfield,TX,84383,45.7519,-84.5141,2821848,Analyst,1977-06-04,t000418,1579606550,45.482,-84.5634,0
2020-01-21 12:22:29,2022922764862306,legit_Store,travel,91.52,Sample,User,M,1 Main St,Springfield,CA,45396,44.0149,-83.4896,1496565,Analyst,2009-02-09,t000419,1579609349,44.1451,-83.0998,0
2020-01-21 13:00:06,5257682981261171,legit_Store,shopping_net,10.6,Sample,User,M,1 Main St,Springfield,IL,13133,41.1589,-87.9266,1139874,Analyst,2004-09-05,t000420,1579611606,41.0667,-87.9339,0
2020-01-21 13:03:40,2003158103297896,legit_Store,misc_net,107.44,Sample,User,M,1 Main St,Springfield,CA,56829,40.5803,-119.3887,2905146,Analyst,2005-02-15,t000421,1579611820,40.3633,-118.9089,0
2020-01-21 13:30:27,6253320506725128,legit_Store,grocery_pos,67.39,Sample,User,M,1 Main St,Springfield,IL,66459,42.0246,-86.5589,1641604,Analyst,1977-01-03,t000422,1579613427,42.0406,-86.6957,0
2020-01-21 14:20:28,1496685615352971,legit_Store,travel,23.88,Sample,User,M,1 Main St,Springfield,FL,51187,37.0296,-100.0172,554798,Analyst,1975-10-20,t000423,1579616428,37.1473,-100.7267,0
2020-01-21 18:55:45,6253320506725128,legit_Store,food_dining,66.56,Sample,User,M,1 Main St,Springfield,IL,17977,44.3659,-114.2632,1903735,Analyst,2008-07-17,t000424,1579632945,44.1113,-114.2871,0
2020-01-21 18:56:58,5344186512941160,legit_Store,gas_transport,133.66,Sample,User,F,1 Main St,Springfield,TX,89112,44.9959,-107.5388,2319418,Analyst,2002-10-22,t000425,1579633018,44.9231,-107.0264,0
2020-01-21 19:29:33,9416536213861522,legit_Store,travel,31.52,Sample,User,M,1 Main St,Springfield,IL,87235,36.741,-97.4438,2515596,Analyst,1971-06-20,t000426,1579634973,36.8813,-97.2833,0
2020-01-21 21:09:54,7483596486795854,legit_Store,food_dining,31.17,Sample,User,M,1 Main St,Springfield,TX,92018,45.6395,-105.8471,18016,Analyst,2002-10-03,t000427,1579640994,45.4108,-106.0017,0
2020-01-22 04:48:22,8778151487528435,legit_Store,misc_net,43.09,Sample,User,F,1 Main St,Springfield,TX,96753,44.8823,-74.4823,326044,Analyst,2018-04-19,t000428,1579668502,44.3849,-74.3836,0
2020-01-22 06:31:02,2148643081502707,legit_Store,travel,52.59,Sample,User,M,1 Main St,Springfield,TX,38543,38.9428,-98.7377,1886201,Analyst,2007-01-21,t000429,1579674662,38.4818,-98.4463,0
2020-01-22 15:20:47,1138743822553442,legit_Store,shopping_net,95.64,Sample,User,M,1 Main St,Springfield,IL,47949,45.726,-103.7646,2225991,Analyst,1983-09-08,t000430,1579706447,45.6006,-103.7903,0
2020-01-22 16:36:43,9941331295964880,legit_Store,entertainment,70.07,Sample,User,F,1 Main St,Springfield,TX,96358,34.6861,-89.0149,1958381,Analyst,1985-08-03,t000431,1579711003,34.2906,-88.227,0
2020-01-22 17:00:36,4925991034716655,legit_Store,gas_transport,43.06,Sample,User,F,1 Main St,Springfield,TX,50477,33.3918,-90.1233,1149108,Analyst,2007-01-24,t000432,1579712436,33.2875,-90.2785,0
2020-01-22 20:26:11,2022922764862306,legit_Store,grocery_pos,62.04,Sample,User,F,1 Main St,Springfield,FL,87843,37.8701,-121.8805,2261364,Analyst,1989-10-11,t000433,1579724771,38.3696,-121.5797,0
2020-01-22 21:29:01,6253320506725128,legit_Store,shopping_net,148.15,Sample,User,F,1 Main St,Springfield,FL,68293,40.9161,-91.6948,1738007,Analyst,2006-04-22,t000434,1579728541,40.5025,-91.4662,0
2020-01-22 22:08:41,7483596486795854,legit_Store,misc_net,78.73,Sample,User,F,1 Main St,Springfield,FL,93486,37.9202,-110.0553,2777961,Analyst,2017-04-24,t000435,1579730921,37.8354,-110.2653,0
2020-01-22 23:31:23,2148643081502707,legit_Store,travel,46.67,Sample,User,F,1 Main St,Springfield,TX,10936,46.1889,-103.6136,1103657,Analyst,1989-12-25,t000436,1579735883,46.8286,-103.7409,0
2020-01-22 23:36:18,8113878616361537,legit_Store,grocery_pos,42.09,Sample,User,F,1 Main St,Springfield,CA,73569,36.5659,-87.3889,2261751,Analyst,1998-04-06,t000437,1579736178,36.6884,-87.0835,0
2020-01-22 23:54:57,2756656498603730,legit_Store,food_dining,59.42,Sample,User,M,1 Main St,Springfield,IL,82074,36.937,-94.6881,432188,Analyst,1994-02-19,t000438,1579737297,36.8267,-94.6446,0
2020-01-23 01:13:01,2022922764862306,legit_Store,entertainment,94.84,Sample,User,F,1 Main St,Springfield,TX,27844,41.8876,-103.9359,2196699,Analyst,1995-01-23,t000439,1579741981,41.8405,-103.8345,0
2020-01-23 01:46:56,3990107358663351,legit_Store,travel,27.94,Sample,User,F,1 Main St,Springfield,IL,76186,33.0541,-113.7969,2195230,Analyst,1973-09-24,t000440,1579744016,33.1829,-114.2877,0
2020-01-23 05:27:43,6190588434416954,legit_Store,travel,86.2,Sample,User,F,1 Main St,Springfield,TX,27570,43.1858,-97.2314,762108,Analyst,2018-08-20,t000441,1579757263,43.6945,-97.0346,0
2020-01-23 05:56:56,1496685615352971,legit_Store,travel,45.96,Sample,User,M,1 Main St,Springfield,FL,91432,38.2846,-106.3511,185905,Analyst,1996-08-25,t000442,1579759016,38.1253,-106.2649,0
2020-01-23 06:07:41,2022922764862306,legit_Store,misc_net,51.23,Sample,User,F,1 Main St,Springfield,FL,91777,46.6885,-77.2665,2978526,Analyst,1981-04-25,t000443,1579759661,46.4612,-77.2857,0
2020-01-23 06:36:13,1795362069921523,legit_Store,entertainment,226.46,Sample,User,M,1 Main St,Springfield,IL,10334,42.6798,-95.817,230450,Analyst,1998-04-14,t000444,1579761373,42.2662,-95.7087,0
2020-01-23 08:03:23,6504799461833276,legit_Store,gas_transport,80.3,Sample,User,M,1 Main St,Springfield,CA,55633,33.731,-79.5678,1405758,Analyst,1989-08-11,t000445,1579766603,33.7619,-79.6905,0
2020-01-23 08:41:28,8850530502959312,legit_Store,shopping_net,33.47,Sample,User,F,1 Main St,Springfield,FL,44423,34.2968,-102.8811,4354,Analyst,2010-07-04,t000446,1579768888,33.8751,-103.0587,0
2020-01-23 10:00:15,6814177925448492,legit_Store,gas_transport,67.26,Sample,User,M,1 Main St,Springfield,CA,90141,34.2344,-81.4556,1252932,Analyst,2007-06-13,t000447,1579773615,34.0952,-81.5281,0
2020-01-23 10:04:01,6728159149816614,legit_Store,gas_transport,98.07,Sample,User,M,1 Main St,Springfield,IL,38824,46.3367,-119.2297,2463059,Analyst,1988-10-31,t000448,1579773841,46.0641,-119.369,0
2020-01-23 10:49:30,7485271270668504,legit_Store,shopping_net,80.91,Sample,User,M,1 Main St,Springfield,FL,74848,42.5767,-107.3922,1506130,Analyst,2005-02-21,t000449,1579776570,42.899,-106.738,0
2020-01-23 13:57:27,4147592385620476,legit_Store,grocery_pos,5.69,Sample,User,M,1 Main St,Springfield,IL,20504,38.9865,-118.1694,719985,Analyst,1971-08-19,t000450,1579787847,38.834,-117.8958,0
2020-01-23 15:05:18,5257682981261171,legit_Store,shopping_net,49.67,Sample,User,F,1 Main St,Springfield,NY,29125,35.8068,-120.4491,1182775,Analyst,2017-08-22,t000451,1579791918,35.9258,-120.7397,0
2020-01-23 15:10:35,2022922764862306,legit_Store,misc_net,69.35,Sample,User,F,1 Main St,Springfield,CA,98669,45.231,-76.9757,277944,Analyst,1995-03-07,t000452,1579792235,44.7497,-76.3649,0
2020-01-23 17:50:09,4545881467050858,legit_Store,gas_transport,65.46,Sample,User,F,1 Main St,Springfield,FL,44627,35.8218,-86.8734,1781319,Analyst,2002-03-31,t000453,1579801809,35.8612,-87.0033,0
2020-01-23 18:25:41,7483596486795854,legit_Store,shopping_net,35.69,Sample,User,M,1 Main St,Springfield,CA,78924,42.8935,-91.3696,13308,Analyst,2001-10-16,t000454,1579803941,42.5326,-91.3608,0
2020-01-23 20:40:14,5139687185153460,legit_Store,food_dining,81.87,Sample,User,F,1 Main St,Springfield,TX,97103,43.6865,-95.9079,1049524,Analyst,1985-06-06,t000455,1579812014,43.5588,-95.6386,0
2020-01-23 23:58:49,9284062461317298,legit_Store,entertainment,107.75,Sample,User,F,1 Main St,Springfield,NY,96868,37.1252,-94.0919,183038,Analyst,2004-01-01,t000456,1579823929,37.7885,-94.6828,0
2020-01-24 01:41:10,5139687185153460,legit_Store,grocery_pos,11.29,Sample,User,M,1 Main St,Springfield,NY,11762,40.0688,-90.7042,720594,Analyst,1989-08-06,t000457,1579830070,40.3485,-90.7753,0
2020-01-24 02:31:43,6253320506725128,legit_Store,shopping_net,10.2,Sample,User,F,1 Main St,Springfield,CA,30940,36.1218,-81.4976,203231,Analyst,2003-07-18,t000458,1579833103,36.0833,-81.6696,0
2020-01-24 05:58:07,9416536213861522,legit_Store,entertainment,66.84,Sample,User,F,1 Main St,Springfield,FL,74311,38.305,-92.7525,2784056,Analyst,1974-06-03,t000459,1579845487,39.2647,-92.6909,0
2020-01-24 06:29:31,4147592385620476,legit_Store,entertainment,86.54,Sample,User,M,1 Main St,Springfield,WA,93410,46.5119,-85.3195,2316314,Analyst,1977-03-13,t000460,1579847371,46.2373,-85.2085,0
2020-01-24 09:41:24,8441077424332845,legit_Store,misc_net,31.63,Sample,User,M,1 Main St,Springfield,TX,98089,42.7039,-108.2321,2783557,Analyst,2015-07-10,t000461,1579858884,43.0535,-108.2553,0
2020-01-24 13:00:41,6504799461833276,legit_Store,grocery_pos,6.12,Sample,User,F,1 Main St,Springfield,NY,74822,44.8526,-74.1387,2049552,Analyst,2006-04-07,t000462,1579870841,44.3928,-74.1758,0
2020-01-24 13:18:16,5257682981261171,legit_Store,grocery_pos,50.29,Sample,User,M,1 Main St,Springfield,CA,19373,40.5684,-120.437,1489239,Analyst,1976-05-05,t000463,1579871896,40.4952,-120.1175,0
2020-01-24 13:48:07,4925991034716655,legit_Store,misc_net,66.16,Sample,User,M,1 Main St,Springfield,WA,76825,36.3466,-103.0577,522968,Analyst,1980-07-14,t000464,1579873687,35.9422,-102.9673,0
2020-01-24 13:48:55,9941331295964880,legit_Store,entertainment,40.44,Sample,User,F,1 Main St,Springfield,WA,34479,42.9803,-78.7796,2886479,Analyst,1996-11-22,t000465,1579873735,43.0575,-78.7671,0
2020-01-24 14:49:40,4925991034716655,legit_Store,food_dining,99.72,Sample,User,F,1 Main St,Springfield,FL,82774,40.008,-113.1544,2752642,Analyst,1970-04-16,t000466,1579877380,40.0247,-113.11,0
2020-01-24 15:30:50,2148643081502707,legit_Store,entertainment,63.34,Sample,User,F,1 Main St,Springfield,TX,59230,35.4759,-115.0744,1247735,Analyst,1989-10-13,t000467,1579879850,35.3836,-114.5237,0
2020-01-24 15:32:28,2022922764862306,legit_Store,misc_net,28.9,Sample,User,F,1 Main St,Springfield,FL,26548,38.774,-104.0939,677611,Analyst,1986-02-04,t000468,1579879948,39.1016,-104.0421,0
2020-01-24 16:03:12,5139687185153460,legit_Store,shopping_net,31.43,Sample,User,F,1 Main St,Springfield,IL,85937,41.8878,-101.0185,1162749,Analyst,1976-08-13,t000469,1579881792,41.7176,-101.1728,0
2020-01-24 16:16:01,9416536213861522,legit_Store,grocery_pos,51.1,Sample,User,M,1 Main St,Springfield,IL,98995,43.2946,-76.2637,1182957,Analyst,1984-10-11,t000470,1579882561,43.3927,-76.8364,0
2020-01-24 16:48:37,4545881467050858,legit_Store,food_dining,38.34,Sample,User,M,1 Main St,Springfield,NY,55585,36.4051,-81.0301,2750801,Analyst,1984-06-09,t000471,1579884517,36.6513,-81.4603,0
2020-01-24 18:28:47,5146285820020347,legit_Store,misc_net,9.51,Sample,User,F,1 Main St,Springfield,TX,83129,45.264,-99.2596,201527,Analyst,1973-04-23,t000472,1579890527,44.819,-99.3997,0
2020-01-24 19:35:37,5139687185153460,legit_Store,shopping_net,59.51,Sample,User,M,1 Main St,Springfield,IL,15363,38.3137,-74.3242,1899118,Analyst,2001-03-23,t000473,1579894537,38.0892,-74.3567,0
2020-01-24 20:30:45,7483596486795854,legit_Store,shopping_net,32.11,Sample,User,F,1 Main St,Springfield,FL,34407,36.7959,-90.5284,2305854,Analyst,1983-06-05,t000474,1579897845,36.8121,-90.695,0
2020-01-24 21:50:58,2022922764862306,legit_Store,misc_net,36.69,Sample,User,M,1 Main St,Springfield,WA,21446,35.7317,-79.1907,2287789,Analyst,1971-07-17,t000475,1579902658,35.9207,-79.0854,0
2020-01-24 21:54:56,2952586134692342,legit_Store,gas_transport,20.54,Sample,User,M,1 Main St,Springfield,IL,35553,44.2584,-109.9432,580419,Analyst,1971-02-02,t000476,1579902896,44.6848,-110.1138,0
2020-01-24 23:32:01,5612453486702081,legit_Store,travel,135.95,Sample,User,M,1 Main St,Springfield,CA,43834,37.9583,-98.0408,1238818,Analyst,2017-08-09,t000477,1579908721,37.8935,-98.3151,0
2020-01-25 00:05:18,3263762355399028,legit_Store,grocery_pos,77.06,Sample,User,F,1 Main St,Springfield,FL,48822,39.7676,-120.5439,1026808,Analyst,1975-10-30,t000478,1579910718,39.6726,-120.3601,0
2020-01-25 00:38:59,3263762355399028,legit_Store,travel,158.07,Sample,User,F,1 Main St,Springfield,FL,39028,36.1195,-121.5649,1221597,Analyst,2014-10-20,t000479,1579912739,35.8577,-121.1541,0
2020-01-25 01:57:07,2148643081502707,legit_Store,grocery_pos,40.29,Sample,User,F,1 Main St,Springfield,NY,59027,42.6053,-87.4328,262144,Analyst,1978-03-19,t000480,1579917427,42.7043,-87.7649,0
2020-01-25 04:31:18,9284062461317298,legit_Store,grocery_pos,80.11,Sample,User,M,1 Main St,Springfield,FL,29770,43.9345,-116.2036,250827,Analyst,1974-03-03,t000481,1579926678,43.8453,-116.1305,0
2020-01-25 05:48:34,2022922764862306,legit_Store,travel,60.26,Sample,User,F,1 Main St,Springfield,CA,41300,37.752,-95.1574,73438,Analyst,1996-11-19,t000482,1579931314,37.6697,-95.7289,0
2020-01-25 06:59:28,2003158103297896,legit_Store,travel,29.85,Sample,User,M,1 Main St,Springfield,TX,85610,46.2311,-87.8956,2900264,Analyst,2012-10-17,t000483,1579935568,46.2029,-88.338,0
2020-01-25 09:11:49,6190588434416954,legit_Store,travel,39.97,Sample,User,F,1 Main St,Springfield,TX,60600,33.4285,-120.4205,1250965,Analyst,1973-07-12,t000484,1579943509,33.594,-120.5971,0
2020-01-25 11:26:11,7890921505852024,legit_Store,food_dining,76.96,Sample,User,M,1 Main St,Springfield,TX,12419,34.8612,-100.0117,684648,Analyst,1986-03-12,t000485,1579951571,34.6921,-99.6712,0
2020-01-25 11:27:52,5146285820020347,legit_Store,shopping_net,20.52,Sample,User,F,1 Main St,Springfield,FL,39543,41.243,-88.4766,2393256,Analyst,2007-02-04,t000486,1579951672,41.0114,-88.7102,0
2020-01-25 11:44:44,6504799461833276,legit_Store,grocery_pos,100.38,Sample,User,F,1 Main St,Springfield,IL,84640,42.8197,-78.4032,1483306,Analyst,1973-04-30,t000487,1579952684,42.9492,-78.648,0
2020-01-25 12:16:52,2003158103297896,legit_Store,entertainment,56.74,Sample,User,M,1 Main St,Springfield,IL,26213,36.5096,-107.3377,1094263,Analyst,1978-05-11,t000488,1579954612,35.6018,-107.3269,0
2020-01-25 12:38:51,5852979641773284,legit_Store,shopping_net,91.67,Sample,User,F,1 Main St,Springfield,WA,92950,40.757,-74.2634,344716,Analyst,1985-02-01,t000489,1579955931,40.5759,-74.2523,0
2020-01-25 13:09:41,3028210908533207,legit_Store,food_dining,66.34,Sample,User,F,1 Main St,Springfield,NY,36628,37.4574,-80.6175,1158710,Analyst,2009-10-02,t000490,1579957781,37.112,-80.853,0
2020-01-25 14:22:28,1736823452344955,legit_Store,grocery_pos,11.38,Sample,User,M,1 Main St,Springfield,IL,66709,40.7572,-90.1189,1941213,Analyst,2009-11-11,t000491,1579962148,41.1182,-89.523,0
2020-01-25 16:40:09,9416536213861522,legit_Store,grocery_pos,49.69,Sample,User,M,1 Main St,Springfield,IL,52750,42.2306,-102.7957,1870681,Analyst,2004-12-17,t000492,1579970409,42.0983,-102.8753,0
2020-01-25 17:00:27,7485271270668504,legit_Store,entertainment,101.84,Sample,User,M,1 Main St,Springfield,IL,66280,46.6193,-87.1556,1173235,Analyst,2002-10-24,t000493,1579971627,46.4511,-87.1215,0
2020-01-25 18:06:11,1736823452344955,legit_Store,food_dining,56.13,Sample,User,M,1 Main St,Springfield,IL,81761,39.3798,-82.0065,1839526,Analyst,1971-04-16,t000494,1579975571,39.3652,-82.1271,0
2020-01-25 19:32:16,6814177925448492,legit_Store,travel,50.65,Sample,User,F,1 Main St,Springfield,WA,23411,42.075,-107.1383,2303217,Analyst,1981-10-04,t000495,1579980736,41.8964,-107.0063,0
2020-01-25 20:11:51,4925991034716655,legit_Store,shopping_net,56.09,Sample,User,F,1 Main St,Springfield,WA,41698,41.0925,-73.3513,2790950,Analyst,2015-06-04,t000496,1579983111,40.9718,-72.9808,0
2020-01-25 22:45:45,9572703498255600,legit_Store,misc_net,8.7,Sample,User,F,1 Main St,Springfield,WA,61148,37.4458,-77.4777,1585607,Analyst,2005-06-11,t000497,1579992345,37.4749,-76.9786,0
2020-01-25 23:25:04,4147592385620476,legit_Store,shopping_net,108.9,Sample,User,M,1 Main St,Springfield,FL,33453,36.5429,-98.2104,684123,Analyst,1981-11-17,t000498,1579994704,36.4163,-98.4391,0
2020-01-25 23:55:04,7890921505852024,legit_Store,shopping_net,4.34,Sample,User,M,1 Main St,Springfield,FL,43765,46.8302,-86.5813,389308,Analyst,2004-11-18,t000499,1579996504,46.7014,-86.2511,0
2020-01-25 23:59:56,2003158103297896,legit_Store,entertainment,124.09,Sample,User,F,1 Main St,Springfield,TX,89724,35.8959,-96.3236,473943,Analyst,2005-09-11,t000500,1579996796,35.5929,-96.1587,0
2020-01-26 00:19:14,7483596486795854,legit_Store,gas_transport,38.08,Sample,User,M,1 Main St,Springfield,IL,30614,44.0639,-84.7144,33210,Analyst,2006-08-11,t000501,1579997954,43.7177,-84.422,0
2020-01-26 02:29:45,7485271270668504,legit_Store,misc_net,69.64,Sample,User,F,1 Main St,Springfield,FL,27073,35.0522,-81.4779,1674748,Analyst,2018-04-20,t000502,1580005785,35.0704,-81.5054,0
2020-01-26 02:47:45,3263762355399028,legit_Store,shopping_net,7.87,Sample,User,F,1 Main St,Springfield,FL,62499,44.2609,-120.8621,638133,Analyst,1996-08-23,t000503,1580006865,44.3529,-120.9182,0
2020-01-26 03:31:28,8113878616361537,legit_Store,food_dining,85.9,Sample,User,F,1 Main St,Springfield,WA,18976,35.6002,-118.1225,679045,Analyst,1972-12-12,t000504,1580009488,35.1718,-117.8418,0
2020-01-26 03:45:08,7485271270668504,legit_Store,food_dining,76.18,Sample,User,F,1 Main St,Springfield,CA,10107,46.5402,-105.5131,2173315,Analyst,2010-05-12,t000505,1580010308,46.7682,-105.2267,0
2020-01-26 03:47:36,2003158103297896,legit_Store,food_dining,73.0,Sample,User,F,1 Main St,Springfield,IL,88266,42.6038,-77.0369,959720,Analyst,1970-09-27,t000506,1580010456,42.833,-76.5672,0
2020-01-26 05:20:59,2952586134692342,legit_Store,gas_transport,7.46,Sample,User,M,1 Main St,Springfield,FL,34876,34.2617,-102.4846,2485713,Analyst,2001-08-10,t000507,1580016059,34.5541,-102.425,0
2020-01-26 08:49:56,8113878616361537,legit_Store,misc_net,26.57,Sample,User,F,1 Main St,Springfield,IL,20842,42.7045,-78.5119,411977,Analyst,2009-04-01,t000508,1580028596,42.7944,-78.544,0
2020-01-26 09:50:00,4925991034716655,legit_Store,shopping_net,66.59,Sample,User,M,1 Main St,Springfield,CA,69043,41.4507,-99.3407,1024663,Analyst,1976-03-07,t000509,1580032200,41.6418,-100.0787,0
2020-01-26 11:40:43,5139687185153460,legit_Store,travel,106.94,Sample,User,M,1 Main St,Springfield,NY,53281,37.7256,-107.8462,155689,Analyst,2009-04-18,t000510,1580038843,38.3812,-108.3296,0
2020-01-26 13:16:12,2756656498603730,legit_Store,misc_net,23.25,Sample,User,M,1 Main St,Springfield,IL,50953,36.6503,-77.8684,1608239,Analyst,2009-12-06,t000511,1580044572,36.5598,-77.9867,0
2020-01-26 16:10:50,5344186512941160,legit_Store,travel,23.83,Sample,User,F,1 Main St,Springfield,WA,49452,43.0627,-94.5271,375416,Analyst,2002-03-23,t000512,1580055050,42.7489,-94.8575,0
2020-01-26 21:06:39,4545881467050858,legit_Store,food_dining,63.53,Sample,User,M,1 Main St,Springfield,FL,23107,43.3791,-104.3363,720799,Analyst,1985-12-15,t000513,1580072799,42.9188,-104.092,0
2020-01-26 21:14:31,2003158103297896,legit_Store,entertainment,213.59,Sample,User,F,1 Main St,Springfield,TX,87267,37.5809,-119.8241,2206705,Analyst,1979-12-15,t000514,1580073271,38.1076,-120.2171,0
2020-01-26 22:12:50,2952586134692342,legit_Store,entertainment,30.3,Sample,User,M,1 Main St,Springfield,FL,10118,45.2672,-116.5643,2641449,Analyst,2004-09-29,t000515,1580076770,45.7978,-116.7147,0
2020-01-26 23:28:49,3263762355399028,legit_Store,food_dining,37.72,Sample,User,F,1 Main St,Springfield,FL,53485,36.7636,-115.1738,1636764,Analyst,1977-09-26,t000516,1580081329,36.4862,-115.3124,0
2020-01-27 00:38:30,9416536213861522,legit_Store,entertainment,33.41,Sample,User,M,1 Main St,Springfield,NY,34339,33.9781,-104.123,2895656,Analyst,2003-04-10,t000517,1580085510,33.7599,-103.7616,0
2020-01-27 01:46:15,9572703498255600,legit_Store,entertainment,46.04,Sample,User,F,1 Main St,Springfield,FL,67755,41.3981,-92.2407,2270257,Analyst,1978-05-11,t000518,1580089575,41.301,-92.4232,0
2020-01-27 02:32:23,8778151487528435,legit_Store,misc_net,112.61,Sample,User,M,1 Main St,Springfield,FL,59414,34.499,-106.9281,2259067,Analyst,1986-07-22,t000519,1580092343,34.8663,-106.7924,0
2020-01-27 04:17:45,9941331295964880,legit_Store,misc_net,47.92,Sample,User,F,1 Main St,Springfield,NY,44637,36.8733,-118.7891,2971822,Analyst,1994-12-18,t000520,1580098665,36.4871,-118.7304,0
2020-01-27 04:52:22,5139687185153460,legit_Store,entertainment,226.83,Sample,User,M,1 Main St,Springfield,TX,58108,40.1006,-109.0244,267571,Analyst,1977-12-20,t000521,1580100742,39.5106,-108.7534,0
2020-01-27 05:29:55,1736823452344955,legit_Store,food_dining,54.66,Sample,User,F,1 Main St,Springfield,WA,30429,37.009,-101.9746,697357,Analyst,2009-02-26,t000522,1580102995,37.6593,-101.7195,0
2020-01-27 06:34:54,1138743822553442,legit_Store,entertainment,119.86,Sample,User,M,1 Main St,Springfield,WA,21796,36.0099,-73.3788,1311918,Analyst,2004-04-01,t000523,1580106894,36.1037,-73.3888,0
2020-01-27 06:42:18,8850530502959312,legit_Store,travel,39.98,Sample,User,F,1 Main St,Springfield,TX,91476,42.8446,-102.7436,1855385,Analyst,1970-10-21,t000524,1580107338,42.9809,-103.2525,0
2020-01-27 07:16:34,8088000790853405,legit_Store,entertainment,16.74,Sample,User,M,1 Main St,Springfield,FL,65232,40.658,-117.6294,2971526,Analyst,2011-11-04,t000525,1580109394,40.5965,-117.6989,0
2020-01-27 07:59:05,2003158103297896,legit_Store,misc_net,47.86,Sample,User,M,1 Main St,Springfield,NY,68844,44.7567,-93.5254,297944,Analyst,2005-04-30,t000526,1580111945,44.8964,-93.5314,0
2020-01-27 08:01:57,1496685615352971,legit_Store,entertainment,73.76,Sample,User,F,1 Main St,Springfield,TX,99902,41.1374,-76.9376,688925,Analyst,2011-04-24,t000527,1580112117,40.6831,-76.8518,0
2020-01-27 09:40:19,3028210908533207,legit_Store,entertainment,26.77,Sample,User,F,1 Main St,Springfield,FL,91371,39.7683,-83.4519,895243,Analyst,1999-08-27,t000528,1580118019,39.516,-83.6732,0
2020-01-27 09:43:39,4147592385620476,legit_Store,travel,107.56,Sample,User,M,1 Main St,Springfield,NY,62637,36.6576,-81.0253,2011744,Analyst,2000-11-16,t000529,1580118219,36.6891,-80.683,0
2020-01-27 12:55:56,9416536213861522,legit_Store,gas_transport,34.74,Sample,User,M,1 Main St,Springfield,NY,81310,44.0889,-76.5166,2855114,Analyst,1988-11-25,t000530,1580129756,43.4077,-76.5126,0
2020-01-27 14:30:59,1138743822553442,legit_Store,gas_transport,20.55,Sample,User,F,1 Main St,Springfield,FL,57486,35.7562,-90.8094,2815751,Analyst,1981-03-17,t000531,1580135459,35.6654,-91.0855,0
2020-01-27 15:16:39,2756656498603730,legit_Store,gas_transport,199.77,Sample,User,M,1 Main St,Springfield,IL,31410,36.3912,-73.2488,2243169,Analyst,1981-08-08,t000532,1580138199,36.2819,-73.3863,0
2020-01-27 18:27:54,6253320506725128,legit_Store,grocery_pos,25.57,Sample,User,F,1 Main St,Springfield,TX,66036,44.7822,-120.3692,2319836,Analyst,1985-08-01,t000533,1580149674,44.6914,-119.7906,0
2020-01-27 21:25:06,2148643081502707,legit_Store,entertainment,33.92,Sample,User,F,1 Main St,Springfield,IL,92173,43.3767,-81.0929,1247225,Analyst,1984-05-04,t000534,1580160306,43.2114,-80.8935,0
2020-01-27 21:28:25,5612453486702081,legit_Store,travel,82.36,Sample,User,F,1 Main St,Springfield,IL,89169,41.5802,-80.0065,1826971,Analyst,2007-03-11,t000535,1580160505,41.2815,-79.6919,0
2020-01-27 22:10:13,4925991034716655,legit_Store,entertainment,38.9,Sample,User,F,1 Main St,Springfield,WA,55466,33.5449,-77.0817,513603,Analyst,1995-11-04,t000536,1580163013,32.9983,-77.3942,0
2020-01-27 23:04:50,5257682981261171,legit_Store,grocery_pos,21.24,Sample,User,M,1 Main St,Springfield,IL,95138,34.7816,-98.5697,1520608,Analyst,1990-04-01,t000537,1580166290,34.825,-98.7763,0
2020-01-27 23:28:15,2022922764862306,legit_Store,misc_net,31.23,Sample,User,M,1 Main St,Springfield,TX,27781,39.9994,-83.4,878663,Analyst,2005-09-28,t000538,1580167695,39.9094,-83.6044,0
2020-01-27 23:47:50,3990107358663351,legit_Store,travel,164.92,Sample,User,M,1 Main St,Springfield,WA,13692,43.4487,-112.4411,2786514,Analyst,2006-02-05,t000539,1580168870,43.0362,-112.3857,0
2020-01-28 00:33:20,6253320506725128,legit_Store,grocery_pos,75.61,Sample,User,M,1 Main St,Springfield,CA,46292,39.4974,-92.4466,1103174,Analyst,2016-01-28,t000540,1580171600,39.5162,-92.4988,0
2020-01-28 04:43:23,1736823452344955,legit_Store,entertainment,86.2,Sample,User,F,1 Main St,Springfield,NY,28449,33.2421,-104.4264,1184805,Analyst,1985-04-02,t000541,1580186603,33.1536,-104.5732,0
2020-01-28 05:36:41,5146285820020347,legit_Store,shopping_net,61.32,Sample,User,F,1 Main St,Springfield,FL,96189,35.5798,-92.7875,1208947,Analyst,1981-12-28,t000542,1580189801,35.4415,-92.8967,0
2020-01-28 06:13:04,1764780845341268,legit_Store,travel,68.98,Sample,User,M,1 Main St,Springfield,CA,20418,41.2427,-88.8975,2703905,Analyst,1970-04-24,t000543,1580191984,40.5957,-89.1357,0
2020-01-28 06:25:07,5344186512941160,legit_Store,shopping_net,36.6,Sample,User,F,1 Main St,Springfield,WA,58116,42.719,-104.9936,2797645,Analyst,1977-11-17,t000544,1580192707,42.9239,-105.0476,0
2020-01-28 07:22:10,5146285820020347,legit_Store,shopping_net,55.88,Sample,User,M,1 Main St,Springfield,IL,79511,33.468,-111.4043,1293727,Analyst,1999-09-28,t000545,1580196130,33.0981,-111.0704,0
2020-01-28 08:19:04,1736823452344955,legit_Store,food_dining,6.71,Sample,User,M,1 Main St,Springfield,CA,19978,33.6066,-106.2373,2987132,Analyst,2009-11-17,t000546,1580199544,33.6256,-106.6912,0
2020-01-28 09:17:28,8088000790853405,legit_Store,food_dining,97.48,Sample,User,M,1 Main St,Springfield,IL,14100,36.6583,-89.4661,2269878,Analyst,1999-08-13,t000547,1580203048,36.4159,-89.3622,0
2020-01-28 11:53:50,1764780845341268,legit_Store,shopping_net,36.33,Sample,User,M,1 Main St,Springfield,CA,59823,34.169,-88.8332,2539506,Analyst,2018-11-16,t000548,1580212430,34.0524,-88.4191,0
2020-01-28 12:18:33,9416536213861522,legit_Store,food_dining,18.17,Sample,User,F,1 Main St,Springfield,CA,91236,40.5872,-85.6755,2747225,Analyst,2000-12-04,t000549,1580213913,40.9329,-85.7304,0
2020-01-28 12:19:38,3990107358663351,legit_Store,food_dining,58.25,Sample,User,F,1 Main St,Springfield,WA,11466,34.7318,-115.7997,998224,Analyst,2013-06-30,t000550,1580213978,34.8913,-115.9584,0
2020-01-28 12:50:19,1496685615352971,legit_Store,shopping_net,43.53,Sample,User,F,1 Main St,Springfield,WA,11849,42.0751,-81.8926,1652378,Analyst,1983-03-21,t000551,1580215819,42.4141,-81.6154,0
2020-01-28 15:30:29,8778151487528435,legit_Store,food_dining,95.14,Sample,User,F,1 Main St,Springfield,IL,93295,43.8812,-88.2808,855950,Analyst,1985-12-18,t000552,1580225429,43.9803,-88.576,0
2020-01-28 15:58:59,7485271270668504,legit_Store,misc_net,48.67,Sample,User,M,1 Main St,Springfield,TX,64228,46.5872,-120.5053,930329,Analyst,2009-12-21,t000553,1580227139,46.7061,-120.5121,0
2020-01-28 16:08:26,2022922764862306,legit_Store,misc_net,30.67,Sample,User,F,1 Main St,Springfield,FL,73125,46.2777,-105.5557,1393515,Analyst,2002-07-28,t000554,1580227706,45.7434,-105.8677,0
2020-01-28 17:06:11,9248879179845191,legit_Store,grocery_pos,49.56,Sample,User,F,1 Main St,Springfield,CA,34801,36.8271,-99.1311,153909,Analyst,1994-01-09,t000555,1580231171,36.7319,-99.6922,0
2020-01-28 18:25:51,6814177925448492,legit_Store,entertainment,129.01,Sample,User,F,1 Main St,Springfield,WA,38110,33.4117,-104.3297,646273,Analyst,2017-02-06,t000556,1580235951,33.3443,-104.3753,0
2020-01-28 21:08:19,8088000790853405,legit_Store,gas_transport,97.29,Sample,User,F,1 Main St,Springfield,IL,52350,37.6118,-116.2466,2427970,Analyst,2007-07-28,t000557,1580245699,37.9789,-116.6256,0
2020-01-28 21:33:42,2756656498603730,legit_Store,food_dining,75.47,Sample,User,F,1 Main St,Springfield,FL,29263,42.9187,-111.84,498175,Analyst,1984-07-23,t000558,1580247222,42.7669,-111.8435,0
2020-01-28 21:37:13,8778151487528435,legit_Store,travel,100.15,Sample,User,M,1 Main St,Springfield,IL,49769,33.8372,-120.7965,1866407,Analyst,2000-02-12,t000559,1580247433,33.9167,-120.462,0
2020-01-28 23:01:07,1795362069921523,legit_Store,travel,79.56,Sample,User,F,1 Main St,Springfield,TX,95857,38.036,-117.4392,2297149,Analyst,1989-07-08,t000560,1580252467,38.1037,-116.8829,0
2020-01-29 00:04:41,2952586134692342,legit_Store,gas_transport,23.98,Sample,User,M,1 Main St,Springfield,IL,77399,37.1725,-108.9513,789873,Analyst,1990-07-04,t000561,1580256281,37.5198,-108.9232,0
2020-01-29 01:01:46,4545881467050858,legit_Store,entertainment,86.68,Sample,User,M,1 Main St,Springfield,FL,88215,36.0708,-81.8215,1375510,Analyst,2009-09-03,t000562,1580259706,36.0307,-81.5157,0
2020-01-29 01:24:07,9284062461317298,legit_Store,food_dining,108.22,Sample,User,M,1 Main St,Springfield,CA,54697,42.8858,-96.1948,2632357,Analyst,2003-06-30,t000563,1580261047,43.1342,-96.0751,0
2020-01-29 02:31:11,4545881467050858,legit_Store,shopping_net,112.31,Sample,User,M,1 Main St,Springfield,TX,80874,42.2274,-101.1996,2506606,Analyst,1970-08-10,t000564,1580265071,41.7159,-101.3145,0
2020-01-29 03:00:48,2003158103297896,legit_Store,shopping_net,19.63,Sample,User,F,1 Main St,Springfield,TX,47909,40.4969,-89.554,2760987,Analyst,1998-05-03,t000565,1580266848,40.0127,-90.1314,0
2020-01-29 03:49:50,2022922764862306,legit_Store,shopping_net,34.0,Sample,User,F,1 Main St,Springfield,CA,65568,45.7508,-95.466,1885384,Analyst,2001-11-20,t000566,1580269790,45.0658,-94.978,0
2020-01-29 04:09:37,8088000790853405,legit_Store,misc_net,29.97,Sample,User,F,1 Main St,Springfield,IL,75724,34.4439,-115.5558,2661611,Analyst,1995-03-03,t000567,1580270977,34.6797,-115.8705,0
2020-01-29 04:30:47,3028210908533207,legit_Store,entertainment,39.67,Sample,User,M,1 Main St,Springfield,NY,84237,35.0956,-111.0915,1195983,Analyst,1984-10-13,t000568,1580272247,35.2977,-110.6766,0
2020-01-29 06:22:42,1496685615352971,legit_Store,travel,70.05,Sample,User,F,1 Main St,Springfield,WA,93321,38.3683,-111.0964,1804952,Analyst,2001-12-18,t000569,1580278962,38.6373,-110.9354,0
2020-01-29 08:48:32,8088000790853405,legit_Store,gas_transport,57.18,Sample,User,M,1 Main St,Springfield,IL,19494,42.1823,-92.6023,2002036,Analyst,2016-09-14,t000570,1580287712,41.9791,-92.8951,0
2020-01-29 09:49:29,9572703498255600,legit_Store,grocery_pos,57.2,Sample,User,F,1 Main St,Springfield,TX,81452,41.1771,-99.3804,2929768,Analyst,1974-03-27,t000571,1580291369,41.008,-99.2868,0
2020-01-29 10:45:03,6814177925448492,legit_Store,grocery_pos,15.02,Sample,User,M,1 Main St,Springfield,FL,73869,34.0366,-103.0083,1105324,Analyst,1999-09-18,t000572,1580294703,34.0003,-102.3685,0
2020-01-29 10:48:10,6253320506725128,legit_Store,entertainment,32.97,Sample,User,M,1 Main St,Springfield,FL,76303,46.4179,-94.7247,2624542,Analyst,2014-11-10,t000573,1580294890,46.8511,-94.264,0
2020-01-29 13:00:54,2952586134692342,legit_Store,gas_transport,117.85,Sample,User,M,1 Main St,Springfield,WA,11321,37.2709,-74.4643,1528461,Analyst,1989-09-27,t000574,1580302854,37.7791,-74.6181,0
2020-01-29 13:48:37,6190588434416954,legit_Store,shopping_net,107.91,Sample,User,F,1 Main St,Springfield,CA,53894,38.0256,-106.6045,313676,Analyst,1986-07-07,t000575,1580305717,38.2638,-106.8181,0
2020-01-29 15:36:30,5612453486702081,legit_Store,travel,48.05,Sample,User,F,1 Main St,Springfield,TX,96475,41.7308,-96.5104,1966984,Analyst,1982-03-15,t000576,1580312190,41.8301,-96.4804,0
2020-01-29 16:08:35,6504799461833276,legit_Store,grocery_pos,86.84,Sample,User,F,1 Main St,Springfield,FL,91018,46.2323,-98.4619,2943336,Analyst,1981-01-27,t000577,1580314115,46.6329,-98.5115,0
2020-01-29 18:17:31,5139687185153460,legit_Store,gas_transport,65.66,Sample,User,M,1 Main St,Springfield,CA,30775,42.2776,-86.8845,1360739,Analyst,1989-04-10,t000578,1580321851,42.2009,-86.5246,0
2020-01-29 19:00:11,8778151487528435,legit_Store,gas_transport,93.42,Sample,User,F,1 Main St,Springfield,IL,53767,46.3668,-86.2158,1646870,Analyst,2008-01-14,t000579,1580324411,46.2495,-85.9939,0
2020-01-29 20:04:29,5344186512941160,legit_Store,shopping_net,89.45,Sample,User,M,1 Main St,Springfield,FL,87750,35.6263,-86.2755,2781970,Analyst,1978-12-16,t000580,1580328269,35.5876,-86.7832,0
2020-01-29 20:30:39,8850530502959312,legit_Store,entertainment,51.0,Sample,User,M,1 Main St,Springfield,CA,93724,41.6633,-112.1255,2760187,Analyst,1981-05-24,t000581,1580329839,41.3697,-111.9879,0
2020-01-29 21:20:51,9416536213861522,legit_Store,gas_transport,75.79,Sample,User,F,1 Main St,Springfield,CA,39802,44.6043,-99.9944,1200851,Analyst,2019-03-23,t000582,1580332851,44.5518,-100.0482,0
2020-01-29 22:07:27,7483596486795854,legit_Store,grocery_pos,68.75,Sample,User,M,1 Main St,Springfield,CA,82262,40.1263,-82.2524,2281263,Analyst,2019-01-27,t000583,1580335647,39.7911,-82.2413,0
2020-01-29 22:31:01,4545881467050858,legit_Store,grocery_pos,52.02,Sample,User,F,1 Main St,Springfield,FL,85127,38.0704,-103.305,1893287,Analyst,1981-03-08,t000584,1580337061,38.3779,-103.2303,0
2020-01-29 22:54:15,3028210908533207,legit_Store,food_dining,43.98,Sample,User,M,1 Main St,Springfield,FL,23523,46.7866,-73.7715,1943052,Analyst,1990-09-21,t000585,1580338455,46.9497,-73.4119,0
2020-01-30 04:47:16,8778151487528435,legit_Store,grocery_pos,150.43,Sample,User,M,1 Main St,Springfield,TX,12876,34.9738,-104.1254,2161816,Analyst,1989-11-20,t000586,1580359636,35.4027,-103.8321,0
2020-01-30 07:33:39,9284062461317298,legit_Store,entertainment,52.07,Sample,User,M,1 Main St,Springfield,FL,14229,38.753,-97.6143,980690,Analyst,1984-08-14,t000587,1580369619,38.2642,-97.8392,0
2020-01-30 08:52:58,8778151487528435,legit_Store,entertainment,83.21,Sample,User,F,1 Main St,Springfield,TX,23083,45.2272,-98.7482,915167,Analyst,1977-07-14,t000588,1580374378,45.7977,-98.7658,0
2020-01-30 09:10:03,3028210908533207,legit_Store,grocery_pos,143.0,Sample,User,F,1 Main St,Springfield,TX,76676,45.6067,-100.7505,82063,Analyst,1973-01-22,t000589,1580375403,45.135,-100.885,0
2020-01-30 09:20:48,9941331295964880,legit_Store,shopping_net,75.71,Sample,User,F,1 Main St,Springfield,CA,45055,46.7253,-80.5641,2569191,Analyst,2000-04-01,t000590,1580376048,46.3659,-81.0686,0
2020-01-30 09:53:04,5344186512941160,legit_Store,misc_net,73.36,Sample,User,F,1 Main St,Springfield,CA,71724,45.3879,-114.3915,830932,Analyst,1972-01-23,t000591,1580377984,45.2016,-114.4243,0
2020-01-30 10:28:31,6253320506725128,legit_Store,shopping_net,52.29,Sample,User,F,1 Main St,Springfield,WA,18088,33.7134,-94.1844,2023086,Analyst,2000-08-08,t000592,1580380111,34.1057,-93.631,0
2020-01-30 10:37:05,5139687185153460,legit_Store,grocery_pos,69.62,Sample,User,F,1 Main St,Springfield,WA,64187,46.0167,-91.6885,2057775,Analyst,1974-09-09,t000593,1580380625,46.0844,-92.2021,0
2020-01-30 11:24:38,4925991034716655,legit_Store,entertainment,41.18,Sample,User,M,1 Main St,Springfield,NY,77057,38.9943,-80.2902,2110862,Analyst,1977-08-10,t000594,1580383478,38.9212,-80.2974,0
2020-01-30 12:42:02,9284062461317298,legit_Store,food_dining,245.59,Sample,User,M,1 Main St,Springfield,NY,97860,42.1227,-92.1492,2589481,Analyst,1970-04-01,t000595,1580388122,41.8849,-92.166,0
2020-01-30 14:20:15,2148643081502707,legit_Store,grocery_pos,15.36,Sample,User,M,1 Main St,Springfield,TX,38736,38.5199,-74.959,2603750,Analyst,1989-08-09,t000596,1580394015,38.1071,-74.8727,0
2020-01-30 15:20:48,7890921505852024,legit_Store,shopping_net,46.11,Sample,User,M,1 Main St,Springfield,FL,59085,44.3914,-79.2638,8037,Analyst,1986-02-13,t000597,1580397648,44.7311,-79.5526,0
2020-01-30 15:33:50,4925991034716655,legit_Store,entertainment,76.57,Sample,User,F,1 Main St,Springfield,FL,53478,41.0629,-104.9117,2520471,Analyst,1986-05-17,t000598,1580398430,41.3025,-105.3393,0
2020-01-30 17:31:45,3990107358663351,legit_Store,grocery_pos,73.41,Sample,User,M,1 Main St,Springfield,FL,41310,44.8376,-79.8646,624713,Analyst,1985-04-20,t000599,1580405505,45.2434,-80.2782,0
2020-01-30 19:33:35,5852979641773284,legit_Store,food_dining,41.13,Sample,User,F,1 Main St,Springfield,CA,67580,35.7128,-75.0346,1936551,Analyst,2016-03-29,t000600,1580412815,35.8318,-74.6353,0
2020-01-30 22:17:47,3263762355399028,legit_Store,shopping_net,10.32,Sample,User,F,1 Main St,Springfield,TX,60846,35.5898,-109.3973,2019530,Analyst,1991-03-13,t000601,1580422667,34.7971,-109.6921,0
2020-01-31 01:04:02,5852979641773284,legit_Store,misc_net,17.93,Sample,User,M,1 Main St,Springfield,WA,84967,39.1653,-92.0998,162027,Analyst,2009-11-18,t000602,1580432642,38.7919,-92.2496,0
2020-01-31 01:06:11,5344186512941160,legit_Store,shopping_net,60.12,Sample,User,F,1 Main St,Springfield,FL,12557,33.0665,-108.1916,851621,Analyst,1981-06-24,t000603,1580432771,33.206,-107.5602,0
2020-01-31 01:30:16,6814177925448492,legit_Store,entertainment,7.24,Sample,User,F,1 Main St,Springfield,WA,29971,42.6999,-90.1712,2730508,Analyst,1993-10-23,t000604,1580434216,42.589,-90.3915,0
2020-01-31 05:13:53,9416536213861522,legit_Store,entertainment,80.34,Sample,User,M,1 Main St,Springfield,WA,62133,37.1448,-117.4115,425966,Analyst,1973-02-03,t000605,1580447633,36.9771,-117.3088,0
2020-01-31 06:01:01,6504799461833276,legit_Store,food_dining,114.01,Sample,User,F,1 Main St,Springfield,IL,61638,40.8022,-86.0248,696396,Analyst,1982-09-29,t000606,1580450461,40.4712,-85.7056,0
2020-01-31 06:31:04,3028210908533207,legit_Store,grocery_pos,90.29,Sample,User,F,1 Main St,Springfield,FL,91217,33.98,-101.4288,246726,Analyst,1973-07-04,t000607,1580452264,34.2643,-101.1241,0
2020-01-31 06:31:28,4147592385620476,legit_Store,food_dining,102.62,Sample,User,M,1 Main St,Springfield,FL,70736,35.389,-93.2219,501100,Analyst,1971-01-08,t000608,1580452288,35.5259,-93.6214,0
2020-01-31 06:53:59,1795362069921523,legit_Store,grocery_pos,7.58,Sample,User,F,1 Main St,Springfield,FL,10389,41.72,-120.7327,1913999,Analyst,1978-12-23,t000609,1580453639,41.8704,-120.9467,0
2020-01-31 09:06:54,1764780845341268,legit_Store,entertainment,42.41,Sample,User,M,1 Main St,Springfield,NY,54021,37.2793,-87.9234,2524013,Analyst,1977-11-01,t000610,1580461614,37.0892,-87.8327,0
2020-01-31 10:30:05,9941331295964880,legit_Store,misc_net,22.35,Sample,User,M,1 Main St,Springfield,TX,86076,36.0061,-97.6964,1784984,Analyst,1985-08-08,t000611,1580466605,36.059,-97.1177,0
2020-01-31 11:45:39,8850530502959312,legit_Store,grocery_pos,12.27,Sample,User,F,1 Main St,Springfield,NY,88581,36.2039,-91.3627,854414,Analyst,2006-08-25,t000612,1580471139,35.8025,-91.5912,0
2020-01-31 12:01:40,1138743822553442,legit_Store,entertainment,35.77,Sample,User,M,1 Main St,Springfield,TX,82172,36.0075,-106.5323,2575982,Analyst,1977-04-17,t000613,1580472100,35.9685,-106.6804,0
2020-01-31 12:51:54,8088000790853405,legit_Store,shopping_net,140.7,Sample,User,F,1 Main St,Springfield,CA,52968,41.7199,-114.8548,1102660,Analyst,2000-02-05,t000614,1580475114,40.9615,-114.7289,0
2020-01-31 18:20:03,3028210908533207,legit_Store,entertainment,166.25,Sample,User,M,1 Main St,Springfield,TX,19549,35.3477,-100.664,945198,Analyst,1987-12-30,t000615,1580494803,34.8772,-100.4781,0
2020-01-31 18:20:40,5257682981261171,legit_Store,misc_net,25.02,Sample,User,M,1 Main St,Springfield,IL,29199,38.0779,-75.745,1517009,Analyst,1989-11-06,t000616,1580494840,37.9812,-75.5409,0
2020-01-31 20:28:51,5344186512941160,legit_Store,gas_transport,54.84,Sample,User,M,1 Main St,Springfield,TX,86213,42.6304,-110.8381,411019,Analyst,2015-06-13,t000617,1580502531,43.343,-111.092,0
2020-01-31 20:59:58,3028210908533207,legit_Store,entertainment,68.93,Sample,User,F,1 Main St,Springfield,WA,40655,40.1914,-88.8839,1069610,Analyst,1992-11-28,t000618,1580504398,39.6512,-89.0435,0
2020-01-31 21:03:58,9941331295964880,legit_Store,gas_transport,42.65,Sample,User,F,1 Main St,Springfield,TX,78718,41.3619,-119.5577,2397666,Analyst,1982-11-22,t000619,1580504638,40.9889,-119.493,0
2020-01-31 21:40:56,9941331295964880,legit_Store,food_dining,119.46,Sample,User,F,1 Main St,Springfield,IL,13256,36.5127,-86.8131,1825243,Analyst,1981-09-24,t000620,1580506856,36.5777,-86.4344,0
2020-01-31 23:09:59,1138743822553442,legit_Store,entertainment,36.21,Sample,User,M,1 Main St,Springfield,NY,54193,46.058,-110.3166,2964569,Analyst,1978-04-20,t000621,1580512199,46.5888,-110.3881,0
2020-01-31 23:42:05,6190588434416954,legit_Store,travel,31.47,Sample,User,F,1 Main St,Springfield,IL,95533,38.7943,-99.8757,2327363,Analyst,2009-07-11,t000622,1580514125,38.855,-99.8824,0
2020-02-01 00:30:29,4545881467050858,legit_Store,grocery_pos,26.21,Sample,User,F,1 Main St,Springfield,WA,32069,37.0175,-103.9801,1081808,Analyst,2002-10-05,t000623,1580517029,37.2281,-104.2879,0
2020-02-01 01:25:57,9572703498255600,legit_Store,entertainment,42.42,Sample,User,F,1 Main St,Springfield,IL,12747,45.6606,-116.4708,2300382,Analyst,1983-03-13,t000624,1580520357,45.5593,-115.9119,0
2020-02-01 03:09:21,2756656498603730,legit_Store,shopping_net,2.33,Sample,User,F,1 Main St,Springfield,CA,35928,42.1741,-105.0665,2596183,Analyst,1994-03-11,t000625,1580526561,42.0209,-105.0202,0
2020-02-01 05:07:52,3028210908533207,legit_Store,travel,44.01,Sample,User,M,1 Main St,Springfield,IL,15673,41.5952,-104.8439,1892853,Analyst,1994-11-28,t000626,1580533672,41.6199,-104.5206,0
2020-02-01 05:11:46,4147592385620476,legit_Store,misc_net,57.34,Sample,User,F,1 Main St,Springfield,IL,65104,45.4143,-96.4168,2287873,Analyst,1972-04-30,t000627,1580533906,45.2168,-96.4079,0
2020-02-01 05:46:05,7890921505852024,legit_Store,travel,60.01,Sample,User,F,1 Main St,Springfield,NY,27258,33.8196,-74.3548,1510528,Analyst,2014-10-13,t000628,1580535965,34.0368,-74.3292,0
2020-02-01 07:41:51,1138743822553442,legit_Store,gas_transport,21.14,Sample,User,F,1 Main St,Springfield,FL,32167,44.7275,-98.9691,2734844,Analyst,2008-10-28,t000629,1580542911,44.2456,-99.4192,0
2020-02-01 08:35:23,5612453486702081,legit_Store,food_dining,59.18,Sample,User,M,1 Main St,Springfield,FL,62890,42.4901,-77.1931,713615,Analyst,1996-05-21,t000630,1580546123,42.7571,-77.8383,0
2020-02-01 10:12:15,9248879179845191,legit_Store,shopping_net,58.29,Sample,User,M,1 Main St,Springfield,CA,39281,38.0399,-99.3837,1273693,Analyst,2005-04-03,t000631,1580551935,38.0517,-99.0081,0
2020-02-01 12:07:37,7483596486795854,legit_Store,travel,59.24,Sample,User,F,1 Main St,Springfield,FL,68545,36.5889,-116.7304,762480,Analyst,1975-05-19,t000632,1580558857,36.5245,-116.707,0
2020-02-01 18:32:26,2952586134692342,legit_Store,gas_transport,91.49,Sample,User,F,1 Main St,Springfield,FL,93774,34.4673,-110.7225,304803,Analyst,2018-03-01,t000633,1580581946,33.9744,-110.6606,0
2020-02-01 18:50:01,5344186512941160,legit_Store,gas_transport,20.34,Sample,User,M,1 Main St,Springfield,NY,93814,46.175,-102.0316,1848372,Analyst,2001-07-23,t000634,1580583001,45.8811,-102.4063,0
2020-02-01 20:18:29,2952586134692342,legit_Store,shopping_net,43.05,Sample,User,M,1 Main St,Springfield,TX,75638,34.9868,-106.0569,355950,Analyst,2016-03-29,t000635,1580588309,35.3464,-106.3278,0
2020-02-01 20:25:28,7485271270668504,fraud_Kirlin,shopping_net,201.3,Sample,User,F,1 Main St,Springfield,FL,97183,36.6321,-79.5744,679218,Analyst,2012-08-04,t000636,1580588728,36.991,-78.0648,1
2020-02-01 21:13:54,4147592385620476,legit_Store,gas_transport,85.77,Sample,User,F,1 Main St,Springfield,IL,76245,42.6755,-88.7464,2289832,Analyst,1998-10-17,t000637,1580591634,42.759,-88.2243,0
2020-02-01 21:14:09,4147592385620476,legit_Store,entertainment,23.36,Sample,User,F,1 Main St,Springfield,CA,16107,42.9421,-93.6629,723792,Analyst,1984-03-18,t000638,1580591649,42.6783,-93.8493,0
2020-02-01 21:54:57,1138743822553442,legit_Store,misc_net,101.19,Sample,User,F,1 Main St,Springfield,IL,96033,35.2508,-97.9298,2590132,Analyst,2003-10-23,t000639,1580594097,35.242,-97.7283,0
2020-02-01 23:07:12,2756656498603730,legit_Store,gas_transport,103.6,Sample,User,F,1 Main St,Springfield,WA,61011,44.3978,-102.5337,148366,Analyst,1995-03-31,t000640,1580598432,43.9862,-102.4767,0
2020-02-02 00:43:46,4545881467050858,legit_Store,shopping_net,46.38,Sample,User,M,1 Main St,Springfield,IL,10521,40.144,-92.0026,1371593,Analyst,1990-03-08,t000641,1580604226,40.174,-92.0387,0
2020-02-02 03:01:33,6814177925448492,legit_Store,entertainment,44.53,Sample,User,M,1 Main St,Springfield,CA,65845,44.8784,-115.8942,202473,Analyst,2005-01-21,t000642,1580612493,44.9896,-115.3387,0
2020-02-02 03:56:16,7485271270668504,legit_Store,grocery_pos,14.05,Sample,User,M,1 Main St,Springfield,FL,32003,34.222,-114.0359,179653,Analyst,2013-10-14,t000643,1580615776,34.3182,-114.1718,0
2020-02-02 04:07:42,7890921505852024,legit_Store,travel,53.53,Sample,User,F,1 Main St,Springfield,TX,58096,33.5996,-107.1473,2373068,Analyst,1978-06-12,t000644,1580616462,33.3285,-106.7751,0
2020-02-02 04:39:28,2952586134692342,legit_Store,entertainment,90.94,Sample,User,F,1 Main St,Springfield,IL,69216,41.9179,-113.612,201051,Analyst,1997-03-30,t000645,1580618368,41.8153,-113.4975,0
2020-02-02 08:04:34,9248879179845191,legit_Store,gas_transport,64.66,Sample,User,F,1 Main St,Springfield,WA,12499,35.1003,-88.8222,2676892,Analyst,2008-05-12,t000646,1580630674,35.2615,-88.8272,0
2020-02-02 08:55:10,6253320506725128,legit_Store,food_dining,129.07,Sample,User,F,1 Main St,Springfield,FL,49443,40.3493,-120.7864,1796202,Analyst,1986-01-16,t000647,1580633710,40.2859,-120.3747,0
2020-02-02 10:50:00,7485271270668504,legit_Store,food_dining,39.2,Sample,User,F,1 Main St,Springfield,CA,14995,33.1975,-114.1513,1448160,Analyst,1986-11-07,t000648,1580640600,33.1113,-114.0643,0
2020-02-02 12:35:37,8441077424332845,legit_Store,travel,39.16,Sample,User,F,1 Main St,Springfield,IL,20152,43.919,-77.7722,2755954,Analyst,1970-06-20,t000649,1580646937,44.49,-77.8011,0
2020-02-02 13:00:17,1138743822553442,legit_Store,food_dining,24.8,Sample,User,F,1 Main St,Springfield,TX,29018,45.5934,-73.1204,1163650,Analyst,1985-12-03,t000650,1580648417,45.3081,-72.7066,0
2020-02-02 16:08:58,3028210908533207,legit_Store,gas_transport,186.47,Sample,User,M,1 Main St,Springfield,CA,80310,44.7444,-98.1081,1199350,Analyst,1998-11-26,t000651,1580659738,45.0685,-97.7333,0
2020-02-02 22:46:04,2952586134692342,legit_Store,gas_transport,13.91,Sample,User,F,1 Main St,Springfield,IL,47181,46.4169,-97.7269,1230404,Analyst,2017-11-17,t000652,1580683564,46.0705,-97.3663,0
2020-02-03 03:08:46,6504799461833276,legit_Store,gas_transport,86.51,Sample,User,F,1 Main St,Springfield,IL,14236,45.6433,-84.1035,1952208,Analyst,1995-11-23,t000653,1580699326,45.8398,-85.2698,0
2020-02-03 04:10:24,8778151487528435,legit_Store,travel,92.23,Sample,User,F,1 Main St,Springfield,TX,77236,39.2163,-120.2267,2541926,Analyst,1984-05-01,t000654,1580703024,39.4287,-120.0947,0
2020-02-03 04:18:36,5344186512941160,legit_Store,misc_net,89.56,Sample,User,F,1 Main St,Springfield,FL,58946,38.5769,-101.0759,1626481,Analyst,2010-01-04,t000655,1580703516,38.4238,-101.0123,0
2020-02-03 04:28:10,8850530502959312,legit_Store,misc_net,26.66,Sample,User,F,1 Main St,Springfield,FL,22744,45.5466,-117.1084,843897,Analyst,1979-04-02,t000656,1580704090,45.1813,-117.1189,0
2020-02-03 05:05:55,3028210908533207,legit_Store,travel,46.36,Sample,User,M,1 Main St,Springfield,NY,60621,45.9771,-102.3546,2669383,Analyst,1979-03-21,t000657,1580706355,45.386,-102.1717,0
2020-02-03 05:09:15,9941331295964880,legit_Store,gas_transport,78.12,Sample,User,M,1 Main St,Springfield,WA,32388,46.6197,-73.7927,1797249,Analyst,1995-09-09,t000658,1580706555,46.4352,-73.7146,0
2020-02-03 05:48:43,7890921505852024,legit_Store,misc_net,31.96,Sample,User,F,1 Main St,Springfield,IL,67235,43.7564,-85.072,2497330,Analyst,2010-03-09,t000659,1580708923,43.9143,-84.8686,0
2020-02-03 06:21:35,8850530502959312,legit_Store,misc_net,41.48,Sample,User,F,1 Main St,Springfield,IL,95281,35.8278,-73.7328,1297400,Analyst,1980-06-21,t000660,1580710895,35.5046,-73.8131,0
2020-02-03 06:36:07,9416536213861522,legit_Store,misc_net,32.42,Sample,User,F,1 Main St,Springfield,WA,38406,46.2294,-85.4436,598846,Analyst,1970-10-03,t000661,1580711767,46.2584,-84.9942,0
2020-02-03 06:59:15,5612453486702081,legit_Store,entertainment,56.27,Sample,User,M,1 Main St,Springfield,TX,77089,46.26,-92.2026,2833543,Analyst,2005-08-30,t000662,1580713155,45.8171,-91.9689,0
2020-02-03 07:29:06,2148643081502707,legit_Store,food_dining,53.57,Sample,User,F,1 Main St,Springfield,IL,12124,42.3258,-85.0432,2032951,Analyst,1998-12-11,t000663,1580714946,42.2557,-84.8804,0
2020-02-03 07:51:53,3028210908533207,legit_Store,gas_transport,144.43,Sample,User,F,1 Main St,Springfield,IL,46642,45.0019,-89.7045,924027,Analyst,2003-10-20,t000664,1580716313,44.6578,-89.5564,0
2020-02-03 08:35:45,4545881467050858,legit_Store,grocery_pos,79.32,Sample,User,M,1 Main St,Springfield,CA,90007,40.8565,-99.2608,2542662,Analyst,1989-07-23,t000665,1580718945,40.8331,-98.9136,0
2020-02-03 10:07:34,2952586134692342,legit_Store,entertainment,17.32,Sample,User,F,1 Main St,Springfield,TX,16714,46.2178,-107.6652,28208,Analyst,1975-11-02,t000666,1580724454,46.0675,-107.3587,0
2020-02-03 13:15:29,8778151487528435,legit_Store,shopping_net,18.67,Sample,User,M,1 Main St,Springfield,FL,93627,34.3151,-96.5113,2790817,Analyst,1986-05-04,t000667,1580735729,33.958,-96.5451,0
2020-02-03 16:32:41,8441077424332845,legit_Store,entertainment,87.57,Sample,User,M,1 Main St,Springfield,FL,18427,45.0955,-109.3338,1736295,Analyst,1993-02-24,t000668,1580747561,44.8978,-109.0367,0
2020-02-03 17:01:09,8113878616361537,legit_Store,shopping_net,53.14,Sample,User,F,1 Main St,Springfield,WA,53378,33.7771,-98.1529,1770191,Analyst,1991-05-10,t000669,1580749269,33.4968,-98.1006,0
2020-02-03 17:31:33,2148643081502707,legit_Store,food_dining,179.33,Sample,User,M,1 Main St,Springfield,FL,26293,37.7475,-114.8394,41140,Analyst,2013-10-24,t000670,1580751093,37.3533,-114.2643,0
2020-02-03 21:31:43,5139687185153460,legit_Store,entertainment,179.0,Sample,User,F,1 Main St,Springfield,CA,11857,34.8946,-94.2956,528557,Analyst,1981-01-07,t000671,1580765503,35.2194,-93.9663,0
2020-02-03 21:56:23,6814177925448492,legit_Store,food_dining,24.67,Sample,User,F,1 Main St,Springfield,CA,41435,39.7079,-109.9811,2162127,Analyst,1985-05-15,t000672,1580766983,39.5998,-110.1688,0
2020-02-03 22:42:41,2148643081502707,legit_Store,food_dining,65.38,Sample,User,M,1 Main St,Springfield,WA,62277,36.2514,-107.6132,1675138,Analyst,1979-01-15,t000673,1580769761,35.5908,-106.914,0
2020-02-04 00:23:25,1138743822553442,legit_Store,shopping_net,18.89,Sample,User,M,1 Main St,Springfield,WA,75013,46.329,-97.5476,383849,Analyst,1998-02-15,t000674,1580775805,46.142,-98.1782,0
2020-02-04 02:59:14,1795362069921523,legit_Store,misc_net,86.55,Sample,User,F,1 Main St,Springfield,FL,38433,40.8305,-114.0362,1997791,Analyst,2009-09-04,t000675,1580785154,41.1049,-113.845,0
2020-02-04 03:39:55,1496685615352971,legit_Store,entertainment,158.14,Sample,User,F,1 Main St,Springfield,TX,54317,45.5682,-74.8434,2239520,Analyst,2013-07-11,t000676,1580787595,45.3398,-75.0523,0
2020-02-04 04:42:16,6253320506725128,legit_Store,entertainment,58.96,Sample,User,M,1 Main St,Springfield,NY,26423,36.8928,-100.0997,818194,Analyst,1981-03-23,t000677,1580791336,37.3421,-99.5351,0
2020-02-04 06:34:30,3028210908533207,legit_Store,entertainment,38.11,Sample,User,F,1 Main St,Springfield,NY,75663,33.3637,-104.7383,2068409,Analyst,1991-03-08,t000678,1580798070,33.1067,-104.6625,0
2020-02-04 07:17:18,5139687185153460,legit_Store,shopping_net,70.23,Sample,User,F,1 Main St,Springfield,WA,25205,43.8592,-120.5694,2919031,Analyst,2006-04-27,t000679,1580800638,44.0102,-120.8075,0
2020-02-04 08:16:29,8778151487528435,legit_Store,misc_net,99.04,Sample,User,F,1 Main St,Springfield,FL,87492,42.8333,-80.6805,1447882,Analyst,1972-04-05,t000680,1580804189,43.1443,-80.7605,0
2020-02-04 08:17:59,3263762355399028,legit_Store,grocery_pos,99.5,Sample,User,M,1 Main St,Springfield,CA,26132,40.6369,-91.3341,688749,Analyst,2005-01-21,t000681,1580804279,40.7719,-91.5483,0
2020-02-04 08:20:21,1764780845341268,legit_Store,misc_net,38.45,Sample,User,F,1 Main St,Springfield,TX,69764,44.4148,-101.5961,2885855,Analyst,1976-08-15,t000682,1580804421,44.0025,-101.6879,0
2020-02-04 11:48:56,6814177925448492,legit_Store,travel,31.3,Sample,User,M,1 Main St,Springfield,WA,39775,44.7612,-109.9689,2734146,Analyst,1971-08-25,t000683,1580816936,44.4784,-110.0675,0
2020-02-04 16:20:41,3028210908533207,legit_Store,food_dining,62.88,Sample,User,M,1 Main St,Springfield,FL,99684,41.2306,-85.4883,1371081,Analyst,1975-07-29,t000684,1580833241,41.5817,-85.7136,0
2020-02-04 18:04:34,9284062461317298,legit_Store,food_dining,40.52,Sample,User,F,1 Main St,Springfield,IL,35255,46.523,-75.6717,1276117,Analyst,2013-06-03,t000685,1580839474,46.2816,-75.5907,0
2020-02-04 20:37:28,3263762355399028,legit_Store,food_dining,119.49,Sample,User,F,1 Main St,Springfield,FL,95384,43.076,-103.3403,2501913,Analyst,2003-07-23,t000686,1580848648,43.3687,-103.223,0
2020-02-04 20:43:40,4925991034716655,legit_Store,travel,40.13,Sample,User,M,1 Main St,Springfield,TX,85277,42.4763,-115.3911,2661,Analyst,2008-11-25,t000687,1580849020,42.3472,-115.69,0
2020-02-04 20:48:28,8088000790853405,legit_Store,gas_transport,55.87,Sample,User,M,1 Main St,Springfield,IL,52116,38.0599,-116.6495,937598,Analyst,2004-01-04,t000688,1580849308,38.1023,-117.1469,0
2020-02-05 01:06:03,3028210908533207,legit_Store,food_dining,68.99,Sample,User,F,1 Main St,Springfield,FL,54577,33.0316,-121.6883,1630323,Analyst,2009-03-26,t000689,1580864763,32.6158,-121.595,0
2020-02-05 01:17:17,8778151487528435,legit_Store,grocery_pos,14.43,Sample,User,M,1 Main St,Springfield,CA,41840,36.3732,-85.5462,1962481,Analyst,1994-06-21,t000690,1580865437,36.1907,-85.3866,0
2020-02-05 01:52:47,1736823452344955,legit_Store,gas_transport,33.52,Sample,User,M,1 Main St,Springfield,TX,48487,43.6949,-73.9116,1885229,Analyst,2009-11-17,t000691,1580867567,43.4323,-73.6926,0
2020-02-05 03:47:03,7483596486795854,legit_Store,grocery_pos,174.21,Sample,User,M,1 Main St,Springfield,FL,51938,42.9382,-73.3519,1112234,Analyst,1972-10-15,t000692,1580874423,43.0059,-73.1866,0
2020-02-05 04:28:51,8441077424332845,legit_Store,shopping_net,96.22,Sample,User,M,1 Main St,Springfield,TX,23124,37.6343,-83.5743,2608220,Analyst,1998-09-16,t000693,1580876931,37.6623,-83.1025,0
2020-02-05 05:27:30,7890921505852024,legit_Store,grocery_pos,39.71,Sample,User,F,1 Main St,Springfield,TX,39060,41.7582,-114.053,1949242,Analyst,2007-03-19,t000694,1580880450,41.897,-113.7539,0
2020-02-05 06:12:29,4545881467050858,legit_Store,misc_net,86.8,Sample,User,F,1 Main St,Springfield,IL,88829,35.734,-74.0922,1622149,Analyst,2018-12-15,t000695,1580883149,35.5869,-73.2883,0
2020-02-05 07:05:29,7485271270668504,legit_Store,grocery_pos,118.17,Sample,User,M,1 Main St,Springfield,TX,98100,36.6908,-105.9371,2816066,Analyst,1987-09-12,t000696,1580886329,36.4117,-105.0069,0
2020-02-05 07:09:39,2022922764862306,legit_Store,grocery_pos,44.71,Sample,User,F,1 Main St,Springfield,NY,14933,46.2637,-105.6526,283294,Analyst,1978-10-30,t000697,1580886579,46.3185,-106.1801,0
2020-02-05 09:42:33,1138743822553442,legit_Store,shopping_net,93.11,Sample,User,F,1 Main St,Springfield,CA,75909,38.7845,-88.3205,2129750,Analyst,2005-06-29,t000698,1580895753,38.4757,-88.9796,0
2020-02-05 09:52:52,4545881467050858,legit_Store,misc_net,84.27,Sample,User,F,1 Main St,Springfield,TX,31557,36.4298,-119.5966,2780513,Analyst,1973-07-26,t000699,1580896372,36.7534,-119.5988,0
2020-02-05 10:03:40,9941331295964880,legit_Store,misc_net,19.19,Sample,User,F,1 Main St,Springfield,WA,68848,39.8195,-81.5373,1985813,Analyst,2008-04-09,t000700,1580897020,39.7852,-81.386,0
2020-02-05 10:40:21,9941331295964880,legit_Store,misc_net,44.9,Sample,User,F,1 Main St,Springfield,NY,65931,38.4182,-73.1324,1696499,Analyst,2004-09-14,t000701,1580899221,38.3204,-73.1552,0
2020-02-05 10:55:05,1736823452344955,legit_Store,misc_net,146.95,Sample,User,M,1 Main St,Springfield,TX,89099,43.2134,-84.0216,1093856,Analyst,2004-01-22,t000702,1580900105,43.3521,-83.8105,0
2020-02-05 11:14:49,5852979641773284,legit_Store,grocery_pos,170.98,Sample,User,M,1 Main St,Springfield,FL,73207,46.4696,-83.6979,815322,Analyst,1984-06-26,t000703,1580901289,46.4467,-83.7789,0
2020-02-05 14:54:07,2003158103297896,legit_Store,shopping_net,96.75,Sample,User,M,1 Main St,Springfield,IL,84124,41.2843,-102.8746,1638117,Analyst,1975-12-04,t000704,1580914447,40.7869,-103.0828,0
2020-02-05 15:06:57,1795362069921523,legit_Store,food_dining,32.6,Sample,User,M,1 Main St,Springfield,WA,82103,41.2761,-118.7699,2696676,Analyst,1999-12-23,t000705,1580915217,40.9576,-118.9327,0
2020-02-05 15:59:04,4147592385620476,legit_Store,grocery_pos,5.12,Sample,User,F,1 Main St,Springfield,NY,68264,38.1077,-83.1593,1387174,Analyst,1987-11-18,t000706,1580918344,38.425,-83.2193,0
2020-02-05 16:10:38,6253320506725128,legit_Store,gas_transport,29.04,Sample,User,M,1 Main St,Springfield,CA,46925,40.9048,-92.7393,363619,Analyst,1989-04-21,t000707,1580919038,40.93,-92.4862,0
2020-02-05 17:06:23,2952586134692342,legit_Store,food_dining,16.81,Sample,User,M,1 Main St,Springfield,WA,40338,37.4706,-77.4424,1451379,Analyst,1979-04-03,t000708,1580922383,36.9661,-77.5884,0
2020-02-05 17:49:40,2003158103297896,legit_Store,shopping_net,154.12,Sample,User,F,1 Main St,Springfield,NY,41206,33.0153,-116.3178,293351,Analyst,1986-06-09,t000709,1580924980,33.1209,-116.4045,0
2020-02-05 18:18:04,6728159149816614,fraud_Kirlin,gas_transport,307.42,Sample,User,F,1 Main St,Springfield,TX,42279,45.1253,-107.049,2808348,Analyst,2011-01-01,t000710,1580926684,44.6262,-109.4321,1
2020-02-05 21:48:25,5344186512941160,legit_Store,food_dining,19.69,Sample,User,M,1 Main St,Springfield,CA,35969,39.0122,-104.3278,1605492,Analyst,2014-01-08,t000711,1580939305,38.7499,-104.3875,0
2020-02-05 23:06:40,8113878616361537,legit_Store,misc_net,61.94,Sample,User,F,1 Main St,Springfield,WA,37963,39.8892,-88.5193,642438,Analyst,1987-03-14,t000712,1580944000,39.5458,-88.1843,0
2020-02-05 23:24:52,2148643081502707,legit_Store,entertainment,52.86,Sample,User,M,1 Main St,Springfield,CA,61127,34.169,-83.4005,1875027,Analyst,1976-12-31,t000713,1580945092,34.469,-83.6763,0
2020-02-05 23:33:40,9248879179845191,legit_Store,shopping_net,142.2,Sample,User,M,1 Main St,Springfield,TX,34315,44.7195,-74.91,1613763,Analyst,1971-09-02,t000714,1580945620,44.1299,-75.2509,0
2020-02-06 01:03:24,1764780845341268,legit_Store,gas_transport,80.69,Sample,User,F,1 Main St,Springfield,TX,41376,35.3847,-107.525,1533366,Analyst,1979-04-25,t000715,1580951004,35.1335,-107.4337,0
2020-02-06 01:12:36,2952586134692342,legit_Store,food_dining,47.46,Sample,User,F,1 Main St,Springfield,CA,73817,38.7487,-97.8118,1776373,Analyst,1970-06-25,t000716,1580951556,38.7847,-97.6905,0
2020-02-06 02:33:20,9284062461317298,legit_Store,entertainment,120.95,Sample,User,M,1 Main St,Springfield,WA,39528,44.7637,-120.5809,2787047,Analyst,2002-11-30,t000717,1580956400,45.2372,-120.8404,0
2020-02-06 04:28:27,6814177925448492,legit_Store,gas_transport,38.82,Sample,User,F,1 Main St,Springfield,FL,19590,39.409,-109.6036,2568174,Analyst,2001-09-03,t000718,1580963307,39.5751,-109.2005,0
2020-02-06 04:55:52,9284062461317298,legit_Store,food_dining,149.86,Sample,User,F,1 Main St,Springfield,FL,11520,46.0361,-103.6738,789199,Analyst,2008-07-26,t000719,1580964952,45.7823,-103.0963,0
2020-02-06 08:31:56,8850530502959312,legit_Store,entertainment,25.77,Sample,User,F,1 Main St,Springfield,NY,78862,35.9304,-92.9035,720051,Analyst,1986-05-21,t000720,1580977916,36.3892,-93.0919,0
2020-02-06 08:39:46,5852979641773284,legit_Store,food_dining,51.42,Sample,User,M,1 Main St,Springfield,CA,95347,43.0133,-98.9286,2970714,Analyst,2011-01-05,t000721,1580978386,42.6067,-98.4824,0
2020-02-06 11:42:21,5852979641773284,legit_Store,food_dining,6.2,Sample,User,M,1 Main St,Springfield,CA,71429,46.692,-104.1407,1935002,Analyst,1978-05-12,t000722,1580989341,46.7716,-104.8554,0
2020-02-06 12:35:14,9572703498255600,legit_Store,misc_net,100.19,Sample,User,M,1 Main St,Springfield,FL,15453,40.6946,-91.4202,59028,Analyst,1981-05-23,t000723,1580992514,40.8409,-91.0973,0
2020-02-06 14:29:13,1736823452344955,legit_Store,travel,59.41,Sample,User,M,1 Main St,Springfield,WA,60700,42.6906,-81.3978,1589254,Analyst,2015-02-21,t000724,1580999353,42.4262,-81.6552,0
2020-02-06 14:43:39,3028210908533207,legit_Store,grocery_pos,150.13,Sample,User,M,1 Main St,Springfield,WA,34378,38.5052,-110.1576,356483,Analyst,2013-06-22,t000725,1581000219,38.7145,-109.8648,0
2020-02-06 15:30:32,8088000790853405,legit_Store,misc_net,43.64,Sample,User,F,1 Main St,Springfield,WA,38871,43.5187,-105.1991,90438,Analyst,1999-07-06,t000726,1581003032,43.3646,-105.4875,0
2020-02-06 15:49:19,3028210908533207,legit_Store,entertainment,14.21,Sample,User,M,1 Main St,Springfield,TX,92926,45.7242,-87.4587,557843,Analyst,2000-01-15,t000727,1581004159,45.9328,-87.4793,0
2020-02-06 16:37:22,9941331295964880,fraud_Kirlin,shopping_net,194.56,Sample,User,F,1 Main St,Springfield,CA,84194,42.8428,-83.8809,764589,Analyst,2004-07-12,t000728,1581007042,46.9921,-82.0806,1
2020-02-06 20:42:24,4545881467050858,legit_Store,gas_transport,34.35,Sample,User,F,1 Main St,Springfield,NY,76180,46.103,-81.5556,239647,Analyst,2010-07-27,t000729,1581021744,46.2035,-81.6197,0
2020-02-06 23:16:42,1496685615352971,legit_Store,gas_transport,90.58,Sample,User,M,1 Main St,Springfield,WA,55080,41.2411,-111.7428,2506706,Analyst,1981-05-26,t000730,1581031002,41.1175,-111.1938,0
2020-02-06 23:29:05,4545881467050858,legit_Store,food_dining,26.25,Sample,User,M,1 Main St,Springfield,WA,62032,41.0799,-95.5759,1315215,Analyst,1973-05-18,t000731,1581031745,41.4248,-95.6083,0
2020-02-07 00:07:44,1764780845341268,legit_Store,travel,132.79,Sample,User,F,1 Main St,Springfield,FL,92430,37.2648,-77.8995,1656207,Analyst,1979-02-13,t000732,1581034064,37.2516,-77.2664,0
2020-02-07 03:31:53,6253320506725128,legit_Store,entertainment,55.84,Sample,User,F,1 Main St,Springfield,CA,69472,42.9348,-102.7944,2596251,Analyst,1987-08-04,t000733,1581046313,43.3096,-102.9102,0
2020-02-07 04:19:21,7890921505852024,legit_Store,shopping_net,47.6,Sample,User,M,1 Main St,Springfield,WA,62108,45.3473,-100.9357,2511564,Analyst,1981-08-13,t000734,1581049161,45.4996,-100.4882,0
2020-02-07 05:00:53,9941331295964880,legit_Store,food_dining,126.96,Sample,User,F,1 Main St,Springfield,WA,18735,42.0484,-73.7437,2462457,Analyst,1995-11-13,t000735,1581051653,42.0102,-74.2314,0
2020-02-07 05:18:54,5344186512941160,legit_Store,gas_transport,101.2,Sample,User,M,1 Main St,Springfield,NY,99679,36.2625,-116.4604,589690,Analyst,1976-10-22,t000736,1581052734,36.4988,-116.5464,0
2020-02-07 07:22:49,5612453486702081,legit_Store,travel,29.48,Sample,User,M,1 Main St,Springfield,WA,82777,40.6175,-87.4255,2234525,Analyst,1998-06-08,t000737,1581060169,40.8557,-87.5863,0
2020-02-07 07:31:58,5852979641773284,legit_Store,grocery_pos,99.22,Sample,User,F,1 Main St,Springfield,FL,42826,43.5831,-80.341,2987135,Analyst,2005-01-05,t000738,1581060718,43.7247,-79.8797,0
2020-02-07 08:42:02,1764780845341268,legit_Store,entertainment,85.65,Sample,User,F,1 Main St,Springfield,IL,32509,46.1511,-114.6111,23220,Analyst,1974-11-19,t000739,1581064922,45.4634,-114.5555,0
2020-02-07 12:41:18,6728159149816614,legit_Store,misc_net,49.68,Sample,User,F,1 Main St,Springfield,FL,97102,35.1923,-86.9918,2604435,Analyst,1984-02-25,t000740,1581079278,34.8976,-87.6182,0
2020-02-07 13:27:28,5146285820020347,legit_Store,travel,93.82,Sample,User,F,1 Main St,Springfield,CA,96058,34.785,-98.9828,2597252,Analyst,1996-07-18,t000741,1581082048,35.2002,-99.3759,0
2020-02-07 15:19:29,4545881467050858,legit_Store,gas_transport,132.4,Sample,User,M,1 Main St,Springfield,FL,47823,38.7812,-80.2083,2524193,Analyst,1973-04-07,t000742,1581088769,38.4044,-80.5121,0
2020-02-07 19:13:01,3263762355399028,legit_Store,entertainment,50.8,Sample,User,M,1 Main St,Springfield,CA,30823,34.7586,-77.5348,1190100,Analyst,2002-10-18,t000743,1581102781,35.0233,-77.2546,0
2020-02-07 19:36:24,2148643081502707,legit_Store,gas_transport,50.93,Sample,User,F,1 Main St,Springfield,NY,81803,46.726,-79.2482,597609,Analyst,2007-02-20,t000744,1581104184,46.9379,-79.0067,0
2020-02-07 20:23:54,5852979641773284,legit_Store,gas_transport,48.85,Sample,User,F,1 Main St,Springfield,IL,66282,38.9403,-118.8451,2195181,Analyst,1987-10-27,t000745,1581107034,38.7225,-118.9352,0
2020-02-07 21:35:48,6814177925448492,legit_Store,misc_net,28.47,Sample,User,F,1 Main St,Springfield,IL,91006,40.4705,-84.9141,1869550,Analyst,1970-06-13,t000746,1581111348,39.872,-85.0786,0
2020-02-07 22:22:17,7483596486795854,legit_Store,food_dining,50.4,Sample,User,M,1 Main St,Springfield,TX,59078,36.1792,-76.8451,2181029,Analyst,1994-09-05,t000747,1581114137,36.0086,-76.6302,0
2020-02-07 22:29:14,9284062461317298,fraud_Kirlin,gas_transport,118.32,Sample,User,M,1 Main St,Springfield,NY,59665,39.2878,-91.5539,768560,Analyst,2012-10-28,t000748,1581114554,37.1143,-91.706,1
2020-02-07 23:24:04,9284062461317298,legit_Store,entertainment,44.18,Sample,User,F,1 Main St,Springfield,TX,22879,46.7857,-92.5571,533385,Analyst,1984-06-02,t000749,1581117844,46.5267,-92.4198,0
2020-02-08 00:37:42,9284062461317298,legit_Store,shopping_net,43.66,Sample,User,F,1 Main St,Springfield,NY,64279,39.8416,-119.7947,2704852,Analyst,2011-11-09,t000750,1581122262,39.6033,-119.683,0
2020-02-08 00:55:26,4545881467050858,fraud_Kirlin,travel,301.93,Sample,User,M,1 Main St,Springfield,FL,42663,33.1235,-80.0544,1546669,Analyst,2012-11-25,t000751,1581123326,36.1535,-78.3164,1
2020-02-08 01:44:16,5139687185153460,legit_Store,misc_net,108.15,Sample,User,F,1 Main St,Springfield,TX,28491,36.3954,-119.7262,2554071,Analyst,1983-11-03,t000752,1581126256,36.7598,-119.6069,0
2020-02-08 01:51:57,6504799461833276,legit_Store,gas_transport,33.48,Sample,User,F,1 Main St,Springfield,CA,80315,46.6984,-106.638,2778616,Analyst,1999-07-13,t000753,1581126717,46.6255,-106.6074,0
2020-02-08 01:59:39,9248879179845191,legit_Store,travel,137.35,Sample,User,M,1 Main St,Springfield,FL,41121,46.8469,-76.6327,1378369,Analyst,1972-01-30,t000754,1581127179,46.6592,-76.4835,0
2020-02-08 04:25:40,5139687185153460,legit_Store,misc_net,23.7,Sample,User,F,1 Main St,Springfield,FL,29132,35.9469,-75.4625,789882,Analyst,1997-03-02,t000755,1581135940,36.3709,-75.8627,0
2020-02-08 05:23:11,7483596486795854,legit_Store,gas_transport,158.28,Sample,User,F,1 Main St,Springfield,WA,96449,41.6137,-73.3969,2687658,Analyst,2013-05-06,t000756,1581139391,41.7875,-73.2125,0
2020-02-08 06:07:39,4925991034716655,legit_Store,food_dining,40.33,Sample,User,F,1 Main St,Springfield,IL,96656,34.0767,-98.6563,2145368,Analyst,2016-07-16,t000757,1581142059,33.8009,-98.3483,0
2020-02-08 08:10:46,6253320506725128,legit_Store,food_dining,100.04,Sample,User,M,1 Main St,Springfield,WA,54509,41.0842,-113.306,1998290,Analyst,1979-11-03,t000758,1581149446,40.7171,-113.2097,0
2020-02-08 08:58:15,6253320506725128,legit_Store,grocery_pos,58.99,Sample,User,F,1 Main St,Springfield,WA,36593,34.7629,-98.0907,2874195,Analyst,2002-10-08,t000759,1581152295,35.1103,-97.9104,0
2020-02-08 10:52:46,8850530502959312,legit_Store,food_dining,17.18,Sample,User,M,1 Main St,Springfield,NY,24563,44.4613,-116.9867,739572,Analyst,1973-04-03,t000760,1581159166,44.4663,-117.0196,0
2020-02-08 13:10:33,4147592385620476,legit_Store,entertainment,18.07,Sample,User,M,1 Main St,Springfield,TX,66404,46.154,-79.2457,1082532,Analyst,1983-10-16,t000761,1581167433,45.6893,-78.9783,0
2020-02-08 15:09:56,9284062461317298,legit_Store,gas_transport,31.21,Sample,User,M,1 Main St,Springfield,TX,64972,35.4218,-94.5337,118004,Analyst,2011-03-01,t000762,1581174596,34.8869,-94.5141,0
2020-02-08 16:32:22,6190588434416954,legit_Store,shopping_net,38.54,Sample,User,F,1 Main St,Springfield,IL,65697,39.478,-102.1792,1163513,Analyst,2001-08-17,t000763,1581179542,39.1432,-102.5236,0
2020-02-08 19:47:00,3990107358663351,legit_Store,gas_transport,52.02,Sample,User,M,1 Main St,Springfield,TX,79097,34.4286,-118.103,1340120,Analyst,1989-04-28,t000764,1581191220,34.0568,-117.8569,0
2020-02-08 21:02:44,9572703498255600,legit_Store,gas_transport,68.51,Sample,User,M,1 Main St,Springfield,WA,52369,37.748,-102.1432,1358234,Analyst,2017-05-23,t000765,1581195764,37.1341,-102.6335,0
2020-02-08 22:46:28,2756656498603730,legit_Store,grocery_pos,46.99,Sample,User,M,1 Main St,Springfield,FL,71497,33.9114,-79.5566,453553,Analyst,2007-05-20,t000766,1581201988,33.5815,-79.4718,0
2020-02-08 22:53:44,7483596486795854,legit_Store,gas_transport,65.9,Sample,User,M,1 Main St,Springfield,CA,68981,36.7037,-87.5331,2427308,Analyst,1971-03-01,t000767,1581202424,36.4279,-87.6484,0
2020-02-08 23:46:44,2003158103297896,legit_Store,entertainment,73.81,Sample,User,M,1 Main St,Springfield,IL,81604,46.8631,-117.9597,1468326,Analyst,1973-12-09,t000768,1581205604,46.7243,-118.0941,0
2020-02-09 00:10:48,9572703498255600,legit_Store,food_dining,45.4,Sample,User,M,1 Main St,Springfield,WA,76921,33.6244,-114.1645,1318414,Analyst,2000-11-17,t000769,1581207048,34.1323,-114.113,0
2020-02-09 02:46:50,6728159149816614,legit_Store,shopping_net,84.68,Sample,User,F,1 Main St,Springfield,NY,13234,45.0256,-102.7769,2591932,Analyst,2013-03-17,t000770,1581216410,44.9455,-102.9897,0
2020-02-09 03:15:03,8778151487528435,legit_Store,grocery_pos,98.06,Sample,User,F,1 Main St,Springfield,CA,65709,34.0843,-117.0326,1459251,Analyst,1977-09-24,t000771,1581218103,34.0341,-116.879,0
2020-02-09 03:30:12,9416536213861522,legit_Store,shopping_net,75.15,Sample,User,F,1 Main St,Springfield,IL,97785,40.406,-76.232,2676574,Analyst,1996-07-12,t000772,1581219012,40.5587,-76.2149,0
2020-02-09 03:37:39,7483596486795854,legit_Store,food_dining,78.19,Sample,User,F,1 Main St,Springfield,NY,60398,39.3297,-90.0377,667730,Analyst,2010-03-28,t000773,1581219459,39.2585,-90.2229,0
2020-02-09 03:43:32,8778151487528435,legit_Store,food_dining,61.73,Sample,User,M,1 Main St,Springfield,CA,57678,46.0418,-117.3537,2552075,Analyst,2012-07-01,t000774,1581219812,46.1618,-116.9522,0
2020-02-09 03:52:08,2003158103297896,legit_Store,food_dining,114.56,Sample,User,M,1 Main St,Springfield,FL,64595,35.7867,-83.3852,2965046,Analyst,2001-07-29,t000775,1581220328,35.8709,-83.3237,0
2020-02-09 04:12:28,7485271270668504,legit_Store,misc_net,52.93,Sample,User,M,1 Main St,Springfield,CA,60399,35.5155,-103.9481,2251634,Analyst,2019-04-12,t000776,1581221548,35.5523,-103.7589,0
2020-02-09 04:57:08,1496685615352971,legit_Store,entertainment,31.68,Sample,User,F,1 Main St,Springfield,NY,46175,43.482,-110.0013,2677170,Analyst,2016-03-05,t000777,1581224228,44.3119,-109.5764,0
2020-02-09 05:05:50,5146285820020347,legit_Store,grocery_pos,54.11,Sample,User,M,1 Main St,Springfield,IL,99454,43.1601,-94.0707,2220776,Analyst,2011-02-08,t000778,1581224750,43.4334,-93.6507,0
2020-02-09 05:54:26,5146285820020347,legit_Store,misc_net,17.47,Sample,User,F,1 Main St,Springfield,CA,16378,42.7885,-121.3448,1801162,Analyst,2002-12-31,t000779,1581227666,42.464,-121.1708,0
2020-02-09 07:56:43,1764780845341268,legit_Store,shopping_net,15.51,Sample,User,M,1 Main St,Springfield,WA,83282,33.3658,-99.1955,2291559,Analyst,2018-07-25,t000780,1581235003,33.4768,-99.2863,0
2020-02-09 08:44:46,5344186512941160,legit_Store,grocery_pos,98.38,Sample,User,M,1 Main St,Springfield,FL,24372,36.6394,-80.6536,2881719,Analyst,1970-11-06,t000781,1581237886,36.4019,-81.0825,0
2020-02-09 09:01:38,8441077424332845,legit_Store,grocery_pos,138.83,Sample,User,F,1 Main St,Springfield,NY,28581,44.7585,-76.5252,1815496,Analyst,1974-05-30,t000782,1581238898,44.8924,-76.4632,0
2020-02-09 11:19:23,9416536213861522,legit_Store,food_dining,41.34,Sample,User,M,1 Main St,Springfield,NY,64602,41.412,-105.2148,2061306,Analyst,1995-02-25,t000783,1581247163,40.9995,-104.8864,0
2020-02-09 13:34:06,7483596486795854,legit_Store,gas_transport,99.03,Sample,User,F,1 Main St,Springfield,TX,67413,41.4307,-90.5206,238516,Analyst,2003-01-26,t000784,1581255246,41.0984,-90.4143,0
2020-02-09 14:19:47,1138743822553442,legit_Store,grocery_pos,8.1,Sample,User,F,1 Main St,Springfield,FL,93444,37.1428,-110.8857,2877357,Analyst,2014-07-15,t000785,1581257987,37.246,-111.919,0
2020-02-09 14:23:37,5344186512941160,legit_Store,entertainment,75.32,Sample,User,F,1 Main St,Springfield,IL,36489,36.6424,-94.5496,2333393,Analyst,2003-06-08,t000786,1581258217,36.9417,-94.2885,0
2020-02-09 16:47:31,9284062461317298,legit_Store,gas_transport,53.09,Sample,User,F,1 Main St,Springfield,NY,12316,46.2518,-109.5526,485446,Analyst,1981-06-13,t000787,1581266851,46.4026,-109.2732,0
2020-02-09 17:09:35,9284062461317298,legit_Store,travel,153.91,Sample,User,F,1 Main St,Springfield,FL,32953,43.1886,-94.0035,869801,Analyst,2014-10-11,t000788,1581268175,43.4448,-94.0939,0
2020-02-09 18:31:28,3990107358663351,legit_Store,travel,47.64,Sample,User,M,1 Main St,Springfield,WA,58962,34.7761,-113.5856,677146,Analyst,1974-02-01,t000789,1581273088,34.8883,-113.2891,0
2020-02-09 18:35:23,8441077424332845,legit_Store,food_dining,22.16,Sample,User,M,1 Main St,Springfield,CA,42162,46.1279,-75.8796,959515,Analyst,1974-09-05,t000790,1581273323,46.1796,-75.6912,0
2020-02-09 19:22:21,9416536213861522,legit_Store,misc_net,13.47,Sample,User,F,1 Main St,Springfield,IL,32685,41.1532,-78.541,2655662,Analyst,2005-06-23,t000791,1581276141,41.0021,-78.7467,0
2020-02-09 19:36:51,9941331295964880,legit_Store,travel,54.08,Sample,User,M,1 Main St,Springfield,IL,92269,37.6671,-105.491,1393231,Analyst,2017-06-23,t000792,1581277011,37.911,-105.1096,0
2020-02-09 20:36:41,3263762355399028,legit_Store,gas_transport,61.64,Sample,User,M,1 Main St,Springfield,CA,60556,38.56,-83.9435,1260203,Analyst,1994-10-07,t000793,1581280601,38.8674,-84.3238,0
2020-02-09 21:23:06,4147592385620476,legit_Store,gas_transport,45.44,Sample,User,M,1 Main St,Springfield,NY,70481,43.1557,-117.3203,2337146,Analyst,1976-08-23,t000794,1581283386,43.1367,-117.3375,0
2020-02-09 22:35:09,5146285820020347,legit_Store,travel,100.53,Sample,User,F,1 Main St,Springfield,WA,77468,38.2678,-85.7223,1114101,Analyst,1972-05-06,t000795,1581287709,38.2327,-85.7694,0
2020-02-10 01:11:07,5139687185153460,legit_Store,entertainment,129.03,Sample,User,F,1 Main St,Springfield,WA,46824,41.1024,-108.1595,2657606,Analyst,2018-04-11,t000796,1581297067,41.5798,-108.4071,0
2020-02-10 01:42:10,1138743822553442,legit_Store,grocery_pos,40.98,Sample,User,M,1 Main St,Springfield,CA,76190,42.947,-115.3536,2263251,Analyst,1983-10-18,t000797,1581298930,42.9409,-115.2624,0
2020-02-10 02:30:00,3990107358663351,legit_Store,travel,9.85,Sample,User,F,1 Main St,Springfield,IL,96736,35.7352,-88.7686,771772,Analyst,2001-07-04,t000798,1581301800,35.758,-88.3755,0
2020-02-10 04:31:55,7483596486795854,legit_Store,gas_transport,66.18,Sample,User,M,1 Main St,Springfield,NY,75238,46.2194,-98.9795,1891346,Analyst,1986-02-07,t000799,1581309115,46.3646,-98.6051,0
2020-02-10 05:05:33,4545881467050858,legit_Store,entertainment,116.1,Sample,User,F,1 Main St,Springfield,NY,36716,37.9864,-96.0232,1448643,Analyst,1980-07-28,t000800,1581311133,37.9571,-95.8061,0
2020-02-10 06:34:23,6814177925448492,legit_Store,shopping_net,41.13,Sample,User,M,1 Main St,Springfield,TX,80102,38.8712,-96.494,1032870,Analyst,2002-11-30,t000801,1581316463,38.6251,-97.0028,0
2020-02-10 07:07:20,2148643081502707,legit_Store,grocery_pos,78.18,Sample,User,F,1 Main St,Springfield,WA,31249,42.7792,-119.087,2719015,Analyst,2006-06-05,t000802,1581318440,42.8926,-119.4878,0
2020-02-10 08:01:32,7485271270668504,legit_Store,food_dining,20.72,Sample,User,F,1 Main St,Springfield,NY,16534,41.523,-119.4824,1194183,Analyst,1993-03-29,t000803,1581321692,41.5114,-119.4325,0
2020-02-10 08:03:38,9572703498255600,legit_Store,entertainment,65.03,Sample,User,F,1 Main St,Springfield,FL,49970,39.1617,-92.5428,351075,Analyst,1995-01-03,t000804,1581321818,39.7144,-92.5531,0
2020-02-10 11:25:13,9572703498255600,legit_Store,travel,79.18,Sample,User,M,1 Main St,Springfield,CA,55861,42.0964,-91.4306,1225742,Analyst,1994-01-04,t000805,1581333913,42.3329,-91.5801,0
2020-02-10 11:37:14,4147592385620476,legit_Store,entertainment,66.35,Sample,User,F,1 Main St,Springfield,CA,52280,45.6396,-119.6884,1550859,Analyst,1999-02-21,t000806,1581334634,45.461,-119.1168,0
2020-02-10 12:26:24,9248879179845191,legit_Store,food_dining,180.69,Sample,User,M,1 Main St,Springfield,WA,33559,44.204,-103.4565,379867,Analyst,2009-10-01,t000807,1581337584,44.4227,-103.4247,0
2020-02-10 15:17:37,9248879179845191,legit_Store,travel,137.72,Sample,User,F,1 Main St,Springfield,TX,34564,44.5396,-91.9703,2228378,Analyst,2005-01-14,t000808,1581347857,44.632,-91.8076,0
2020-02-10 15:46:26,8778151487528435,legit_Store,travel,88.23,Sample,User,M,1 Main St,Springfield,WA,92913,36.6177,-89.8226,689432,Analyst,1983-09-21,t000809,1581349586,37.0105,-89.5263,0
2020-02-10 15:49:42,7890921505852024,legit_Store,shopping_net,108.87,Sample,User,F,1 Main St,Springfield,WA,36239,38.8716,-81.4145,278179,Analyst,1982-03-05,t000810,1581349782,38.7143,-81.398,0
2020-02-10 16:27:19,6190588434416954,legit_Store,grocery_pos,64.7,Sample,User,F,1 Main St,Springfield,IL,80458,40.7535,-101.3841,1613053,Analyst,2003-02-23,t000811,1581352039,40.8101,-100.6068,0
2020-02-10 20:13:44,2148643081502707,legit_Store,misc_net,51.36,Sample,User,M,1 Main St,Springfield,CA,33183,33.6187,-95.1354,483741,Analyst,2001-10-19,t000812,1581365624,33.5889,-95.4175,0
2020-02-10 22:47:36,9284062461317298,legit_Store,entertainment,37.75,Sample,User,M,1 Main St,Springfield,IL,19678,43.7771,-93.6505,2345699,Analyst,1988-02-12,t000813,1581374856,43.7946,-93.8324,0
2020-02-10 22:55:03,6504799461833276,legit_Store,grocery_pos,20.32,Sample,User,F,1 Main St,Springfield,IL,15689,37.5285,-106.7098,206162,Analyst,2011-05-01,t000814,1581375303,37.2629,-106.9926,0
2020-02-10 23:35:25,6814177925448492,legit_Store,grocery_pos,141.94,Sample,User,M,1 Main St,Springfield,TX,31891,36.9563,-119.3626,1257725,Analyst,1990-08-14,t000815,1581377725,37.1291,-118.8938,0
2020-02-10 23:53:31,6814177925448492,legit_Store,misc_net,185.29,Sample,User,F,1 Main St,Springfield,CA,85715,36.6301,-121.7929,156159,Analyst,1986-07-22,t000816,1581378811,36.7555,-121.5523,0
2020-02-11 01:46:09,7483596486795854,legit_Store,travel,55.05,Sample,User,M,1 Main St,Springfield,CA,50969,36.9673,-81.0299,1150675,Analyst,1997-05-25,t000817,1581385569,37.3529,-81.1931,0
2020-02-11 03:00:57,5257682981261171,legit_Store,misc_net,55.76,Sample,User,M,1 Main St,Springfield,FL,72552,37.7322,-112.1886,2799925,Analyst,1979-07-02,t000818,1581390057,37.7292,-112.4478,0
2020-02-11 03:28:13,8441077424332845,legit_Store,travel,81.5,Sample,User,F,1 Main St,Springfield,CA,96660,41.4675,-91.1175,1951897,Analyst,2004-04-13,t000819,1581391693,41.344,-90.7021,0
2020-02-11 03:58:43,2756656498603730,legit_Store,food_dining,47.8,Sample,User,F,1 Main St,Springfield,CA,14329,41.1699,-93.7247,1605915,Analyst,2014-03-17,t000820,1581393523,41.4067,-93.6162,0
2020-02-11 04:04:28,8088000790853405,legit_Store,misc_net,22.74,Sample,User,M,1 Main St,Springfield,FL,19870,36.58,-102.418,472604,Analyst,2016-07-31,t000821,1581393868,36.3417,-101.9949,0
2020-02-11 06:14:15,5852979641773284,fraud_Kirlin,gas_transport,263.89,Sample,User,M,1 Main St,Springfield,FL,92808,35.8899,-81.1588,939232,Analyst,1992-01-07,t000822,1581401655,39.1425,-80.9624,1
2020-02-11 14:03:26,4925991034716655,legit_Store,food_dining,181.06,Sample,User,M,1 Main St,Springfield,IL,61116,44.569,-87.7783,1142870,Analyst,1983-04-05,t000823,1581429806,44.8939,-87.6249,0
2020-02-11 15:44:16,6728159149816614,legit_Store,food_dining,11.43,Sample,User,F,1 Main St,Springfield,IL,65610,34.2981,-120.8857,1736282,Analyst,1993-08-10,t000824,1581435856,34.6753,-120.7956,0
2020-02-11 16:30:33,2952586134692342,legit_Store,entertainment,68.16,Sample,User,F,1 Main St,Springfield,NY,40715,40.1795,-83.942,625200,Analyst,1975-02-11,t000825,1581438633,40.2925,-84.1292,0
2020-02-11 18:42:04,9941331295964880,legit_Store,travel,13.03,Sample,User,F,1 Main St,Springfield,NY,84410,40.2879,-97.1571,2999839,Analyst,2002-11-29,t000826,1581446524,40.1419,-97.2003,0
2020-02-11 20:12:35,2148643081502707,legit_Store,grocery_pos,49.61,Sample,User,F,1 Main St,Springfield,NY,68169,41.0379,-104.9961,1955287,Analyst,1991-02-18,t000827,1581451955,41.0707,-105.3513,0
2020-02-11 21:17:38,8113878616361537,legit_Store,misc_net,40.82,Sample,User,M,1 Main St,Springfield,NY,33194,45.3991,-86.3827,936114,Analyst,1976-01-03,t000828,1581455858,45.5131,-86.2344,0
2020-02-11 21:23:35,5139687185153460,legit_Store,entertainment,15.23,Sample,User,F,1 Main St,Springfield,TX,68382,41.7348,-88.3828,337979,Analyst,1996-12-10,t000829,1581456215,41.5668,-88.1544,0
2020-02-11 23:34:41,9248879179845191,legit_Store,grocery_pos,83.48,Sample,User,F,1 Main St,Springfield,IL,10349,46.6309,-106.7812,1785405,Analyst,2005-05-31,t000830,1581464081,47.0308,-106.4841,0
2020-02-11 23:40:38,5257682981261171,legit_Store,travel,21.33,Sample,User,M,1 Main St,Springfield,IL,31652,45.1989,-73.8311,1344020,Analyst,1981-03-28,t000831,1581464438,45.373,-73.6311,0
2020-02-12 00:22:54,6253320506725128,legit_Store,entertainment,13.31,Sample,User,F,1 Main St,Springfield,IL,28353,36.0064,-90.2133,2022024,Analyst,1989-12-13,t000832,1581466974,35.7387,-90.2517,0
2020-02-12 01:16:07,5139687185153460,legit_Store,misc_net,89.92,Sample,User,F,1 Main St,Springfield,TX,80722,36.3766,-92.3168,1788949,Analyst,2013-11-19,t000833,1581470167,36.9414,-91.8512,0
2020-02-12 02:00:11,8850530502959312,legit_Store,gas_transport,40.96,Sample,User,M,1 Main St,Springfield,FL,76161,37.8268,-118.5759,1921434,Analyst,2004-12-26,t000834,1581472811,37.8561,-118.3082,0
2020-02-12 02:52:59,9284062461317298,legit_Store,grocery_pos,28.86,Sample,User,F,1 Main St,Springfield,WA,18213,38.4812,-108.3134,2501192,Analyst,2009-05-15,t000835,1581475979,38.153,-107.8968,0
2020-02-12 04:22:05,9284062461317298,legit_Store,entertainment,93.74,Sample,User,F,1 Main St,Springfield,NY,91580,40.7419,-100.0983,1576005,Analyst,1992-02-27,t000836,1581481325,40.4929,-99.6629,0
2020-02-12 07:26:17,6814177925448492,legit_Store,travel,20.36,Sample,User,F,1 Main St,Springfield,TX,83631,36.2552,-91.0993,2173929,Analyst,1994-04-30,t000837,1581492377,36.7015,-91.137,0
2020-02-12 07:47:06,7485271270668504,legit_Store,grocery_pos,10.14,Sample,User,M,1 Main St,Springfield,FL,49130,36.1128,-96.8746,1077734,Analyst,1994-06-29,t000838,1581493626,36.6603,-96.7582,0
2020-02-12 11:39:04,1496685615352971,legit_Store,misc_net,123.36,Sample,User,F,1 Main St,Springfield,TX,29076,38.3395,-84.6114,2828646,Analyst,1992-03-07,t000839,1581507544,38.6423,-84.379,0
2020-02-12 13:47:33,7890921505852024,legit_Store,entertainment,164.79,Sample,User,F,1 Main St,Springfield,TX,47823,42.4083,-109.1342,1224501,Analyst,1977-02-09,t000840,1581515253,42.8041,-109.4789,0
2020-02-12 14:15:45,1764780845341268,legit_Store,shopping_net,48.62,Sample,User,F,1 Main St,Springfield,TX,63061,42.6338,-87.5943,2039955,Analyst,1972-01-04,t000841,1581516945,42.9987,-87.9324,0
2020-02-12 14:45:11,6190588434416954,legit_Store,entertainment,48.13,Sample,User,F,1 Main St,Springfield,CA,66707,46.6656,-81.9867,2995359,Analyst,2011-01-07,t000842,1581518711,46.8327,-82.3765,0
2020-02-12 16:38:36,7890921505852024,legit_Store,entertainment,97.44,Sample,User,F,1 Main St,Springfield,WA,41257,35.8338,-84.5126,1048219,Analyst,1996-06-17,t000843,1581525516,35.9325,-84.545,0
2020-02-12 19:05:30,5146285820020347,legit_Store,travel,115.19,Sample,User,M,1 Main St,Springfield,IL,19142,38.5,-84.2285,305664,Analyst,1996-03-31,t000844,1581534330,38.662,-84.3285,0
2020-02-12 22:11:10,6504799461833276,legit_Store,entertainment,22.51,Sample,User,M,1 Main St,Springfield,WA,64879,46.5055,-78.4632,695939,Analyst,1999-05-12,t000845,1581545470,46.7263,-78.8939,0
2020-02-13 00:19:18,3028210908533207,legit_Store,entertainment,42.55,Sample,User,M,1 Main St,Springfield,IL,73462,42.6601,-117.8753,732125,Analyst,1990-04-30,t000846,1581553158,42.4376,-117.8304,0
2020-02-13 01:24:01,5146285820020347,legit_Store,misc_net,64.39,Sample,User,F,1 Main St,Springfield,TX,34067,41.2919,-87.8376,170690,Analyst,2013-12-10,t000847,1581557041,41.5115,-87.8663,0
2020-02-13 01:34:29,6504799461833276,legit_Store,gas_transport,93.62,Sample,User,F,1 Main St,Springfield,CA,67555,40.555,-74.5348,1632125,Analyst,1993-02-28,t000848,1581557669,40.9926,-74.1801,0
2020-02-13 03:48:36,1736823452344955,legit_Store,grocery_pos,86.9,Sample,User,F,1 Main St,Springfield,NY,61206,34.0571,-93.8911,833485,Analyst,1994-09-11,t000849,1581565716,33.9952,-93.2872,0
2020-02-13 04:01:35,8778151487528435,legit_Store,grocery_pos,77.47,Sample,User,F,1 Main St,Springfield,IL,55121,45.5072,-111.3515,292082,Analyst,1996-03-09,t000850,1581566495,45.4133,-111.2146,0
2020-02-13 04:29:12,7890921505852024,fraud_Kirlin,food_dining,527.85,Sample,User,F,1 Main St,Springfield,CA,10737,41.7571,-73.0611,411409,Analyst,1977-10-03,t000851,1581568152,40.1477,-74.0434,1
2020-02-13 05:48:07,6728159149816614,legit_Store,grocery_pos,51.3,Sample,User,M,1 Main St,Springfield,FL,37656,41.0033,-113.4408,820904,Analyst,1978-07-18,t000852,1581572887,40.8084,-113.2468,0
2020-02-13 08:11:50,2952586134692342,legit_Store,shopping_net,142.8,Sample,User,M,1 Main St,Springfield,CA,43700,40.553,-105.5577,1108305,Analyst,1978-11-16,t000853,1581581510,40.158,-105.5549,0
2020-02-13 12:15:50,1138743822553442,legit_Store,entertainment,34.41,Sample,User,M,1 Main St,Springfield,NY,85045,38.4868,-113.569,2923449,Analyst,1982-07-10,t000854,1581596150,38.8311,-113.641,0
2020-02-13 13:01:49,2022922764862306,legit_Store,entertainment,87.85,Sample,User,M,1 Main St,Springfield,CA,84374,36.5653,-99.2389,2108031,Analyst,1977-11-17,t000855,1581598909,36.43,-99.4973,0
2020-02-13 13:06:29,1138743822553442,legit_Store,grocery_pos,38.54,Sample,User,F,1 Main St,Springfield,CA,88636,43.5745,-101.4751,2144486,Analyst,1981-01-17,t000856,1581599189,43.58,-101.6143,0
2020-02-13 13:41:57,8113878616361537,legit_Store,travel,49.16,Sample,User,F,1 Main St,Springfield,CA,51670,40.1339,-97.9292,2076410,Analyst,2016-04-02,t000857,1581601317,39.9509,-97.9825,0
2020-02-13 14:52:20,3990107358663351,legit_Store,shopping_net,55.17,Sample,User,M,1 Main St,Springfield,FL,39422,33.4752,-76.5288,2409872,Analyst,1987-10-11,t000858,1581605540,33.8582,-76.2876,0
2020-02-13 16:05:39,9572703498255600,legit_Store,grocery_pos,36.82,Sample,User,F,1 Main St,Springfield,WA,54932,38.5873,-98.5621,955181,Analyst,2009-02-06,t000859,1581609939,38.8433,-98.4088,0
2020-02-13 18:44:50,6814177925448492,legit_Store,grocery_pos,118.37,Sample,User,M,1 Main St,Springfield,NY,81251,46.0005,-96.7833,299008,Analyst,1989-05-19,t000860,1581619490,45.9282,-96.2356,0
2020-02-13 20:50:08,3990107358663351,legit_Store,travel,40.05,Sample,User,M,1 Main St,Springfield,WA,65941,38.2345,-78.5526,1526148,Analyst,2010-08-24,t000861,1581627008,37.8806,-78.3503,0
2020-02-13 22:40:31,5612453486702081,legit_Store,travel,53.08,Sample,User,F,1 Main St,Springfield,TX,64110,38.7853,-81.9299,4924,Analyst,2007-02-11,t000862,1581633631,38.6812,-81.8026,0
2020-02-14 00:13:57,7485271270668504,legit_Store,food_dining,80.84,Sample,User,F,1 Main St,Springfield,WA,49078,41.7355,-110.2536,651097,Analyst,2011-06-02,t000863,1581639237,41.9065,-110.3455,0
2020-02-14 00:36:18,9572703498255600,legit_Store,misc_net,232.73,Sample,User,M,1 Main St,Springfield,FL,72682,44.2234,-121.3666,2259263,Analyst,1984-03-18,t000864,1581640578,44.28,-121.6779,0
2020-02-14 01:51:15,2756656498603730,legit_Store,travel,82.91,Sample,User,M,1 Main St,Springfield,WA,88036,42.3585,-91.1545,1509427,Analyst,1974-09-18,t000865,1581645075,42.3912,-91.3255,0
2020-02-14 02:00:15,1795362069921523,legit_Store,gas_transport,56.61,Sample,User,M,1 Main St,Springfield,IL,70116,44.9008,-80.6024,2072290,Analyst,1985-03-09,t000866,1581645615,44.9643,-80.8123,0
2020-02-14 02:14:46,9572703498255600,legit_Store,gas_transport,8.36,Sample,User,M,1 Main St,Springfield,IL,46298,34.5956,-94.9103,1530735,Analyst,2004-08-09,t000867,1581646486,34.8232,-95.6786,0
2020-02-14 02:35:10,2756656498603730,legit_Store,food_dining,48.17,Sample,User,M,1 Main St,Springfield,FL,85594,45.9443,-111.6523,1628606,Analyst,2002-03-30,t000868,1581647710,45.9317,-111.9549,0
2020-02-14 04:51:22,9284062461317298,legit_Store,misc_net,31.74,Sample,User,F,1 Main St,Springfield,IL,94828,45.6549,-85.6736,904589,Analyst,2004-09-17,t000869,1581655882,45.7899,-85.1929,0
2020-02-14 06:25:42,8088000790853405,legit_Store,shopping_net,42.11,Sample,User,M,1 Main St,Springfield,WA,81690,40.2681,-89.1926,656355,Analyst,2018-12-16,t000870,1581661542,39.972,-89.082,0
2020-02-14 07:27:19,3263762355399028,legit_Store,entertainment,37.91,Sample,User,F,1 Main St,Springfield,NY,88923,41.7464,-94.3134,779143,Analyst,1981-01-29,t000871,1581665239,42.5125,-94.4264,0
2020-02-14 07:33:20,4545881467050858,legit_Store,gas_transport,80.28,Sample,User,M,1 Main St,Springfield,IL,33894,35.9794,-79.6965,2394364,Analyst,1991-11-22,t000872,1581665600,35.8942,-79.577,0
2020-02-14 08:08:13,3263762355399028,legit_Store,travel,47.4,Sample,User,M,1 Main St,Springfield,CA,47897,39.2713,-83.5721,2938743,Analyst,1994-03-07,t000873,1581667693,39.3323,-84.1581,0
2020-02-14 08:46:52,2003158103297896,legit_Store,gas_transport,25.76,Sample,User,M,1 Main St,Springfield,TX,32440,35.8378,-89.2703,246438,Analyst,1977-05-10,t000874,1581670012,36.0078,-89.1857,0
2020-02-14 11:55:30,2022922764862306,legit_Store,travel,100.24,Sample,User,M,1 Main St,Springfield,CA,42921,33.3077,-89.4268,1611833,Analyst,2002-08-24,t000875,1581681330,33.1844,-89.0436,0
2020-02-14 12:04:17,8441077424332845,legit_Store,gas_transport,18.46,Sample,User,M,1 Main St,Springfield,WA,76013,46.7326,-89.5521,1411770,Analyst,1972-05-30,t000876,1581681857,46.735,-89.5884,0
2020-02-14 12:56:16,7485271270668504,legit_Store,misc_net,54.71,Sample,User,M,1 Main St,Springfield,IL,70895,36.6281,-96.2669,1686667,Analyst,2014-03-23,t000877,1581684976,36.6268,-96.7985,0
2020-02-14 13:28:38,6728159149816614,legit_Store,gas_transport,48.44,Sample,User,F,1 Main St,Springfield,WA,10287,41.3035,-99.2678,699450,Analyst,1974-05-10,t000878,1581686918,41.0293,-99.392,0
2020-02-14 14:47:04,1736823452344955,legit_Store,shopping_net,69.59,Sample,User,F,1 Main St,Springfield,CA,77976,37.2035,-87.2296,24374,Analyst,1975-06-11,t000879,1581691624,37.3351,-86.8458,0
2020-02-14 16:27:27,2756656498603730,legit_Store,grocery_pos,115.79,Sample,User,M,1 Main St,Springfield,NY,27287,38.1887,-92.0858,610804,Analyst,1978-07-22,t000880,1581697647,37.6939,-92.0082,0
2020-02-14 16:47:16,7485271270668504,legit_Store,gas_transport,255.75,Sample,User,F,1 Main St,Springfield,TX,26727,38.5687,-97.991,546340,Analyst,2013-12-20,t000881,1581698836,39.0945,-98.4164,0
2020-02-14 17:04:15,8088000790853405,legit_Store,shopping_net,56.59,Sample,User,F,1 Main St,Springfield,CA,58924,37.6907,-115.7936,158023,Analyst,2012-06-15,t000882,1581699855,37.9285,-115.0833,0
2020-02-14 18:15:38,5852979641773284,legit_Store,entertainment,31.32,Sample,User,F,1 Main St,Springfield,FL,31693,41.9236,-87.6055,1070509,Analyst,2015-06-17,t000883,1581704138,42.1153,-87.9816,0
2020-02-14 19:22:37,6190588434416954,legit_Store,travel,28.88,Sample,User,F,1 Main St,Springfield,CA,96666,46.4531,-90.3461,2052040,Analyst,2011-01-24,t000884,1581708157,45.9321,-90.4189,0
2020-02-14 21:59:43,9572703498255600,legit_Store,food_dining,28.76,Sample,User,F,1 Main St,Springfield,FL,23162,39.0009,-105.2298,2897976,Analyst,2015-07-08,t000885,1581717583,38.7631,-105.541,0
2020-02-14 22:18:06,5257682981261171,legit_Store,travel,67.78,Sample,User,F,1 Main St,Springfield,FL,23647,46.6266,-104.5402,1972045,Analyst,1993-03-26,t000886,1581718686,47.0434,-104.851,0
2020-02-14 23:27:02,9572703498255600,legit_Store,food_dining,6.34,Sample,User,M,1 Main St,Springfield,FL,78461,42.3492,-109.9106,526549,Analyst,1970-03-29,t000887,1581722822,43.5945,-110.0462,0
2020-02-14 23:58:34,6728159149816614,legit_Store,food_dining,17.43,Sample,User,F,1 Main St,Springfield,IL,35791,41.4999,-74.8662,1087169,Analyst,1991-08-04,t000888,1581724714,41.8583,-74.6753,0
2020-02-15 00:22:58,1736823452344955,legit_Store,misc_net,67.83,Sample,User,M,1 Main St,Springfield,WA,74295,36.3195,-79.8501,910565,Analyst,1980-11-21,t000889,1581726178,36.6305,-79.463,0
2020-02-15 01:12:27,6728159149816614,legit_Store,travel,103.65,Sample,User,M,1 Main St,Springfield,NY,71332,33.8809,-94.5086,637272,Analyst,1982-01-23,t000890,1581729147,34.0384,-94.6244,0
2020-02-15 02:08:48,5257682981261171,legit_Store,travel,104.06,Sample,User,F,1 Main St,Springfield,FL,27014,44.9271,-102.319,2970480,Analyst,2004-01-25,t000891,1581732528,44.6728,-102.622,0
2020-02-15 02:49:36,4925991034716655,legit_Store,shopping_net,58.57,Sample,User,M,1 Main St,Springfield,WA,62190,41.0357,-85.8956,1967250,Analyst,1978-03-23,t000892,1581734976,41.3343,-85.752,0
2020-02-15 03:21:13,9416536213861522,legit_Store,grocery_pos,94.73,Sample,User,F,1 Main St,Springfield,IL,58318,38.8018,-96.1413,1443844,Analyst,1985-11-09,t000893,1581736873,38.4714,-95.9889,0
2020-02-15 05:02:47,8441077424332845,legit_Store,grocery_pos,117.15,Sample,User,M,1 Main St,Springfield,FL,18513,44.3675,-74.1833,1310765,Analyst,1989-05-08,t000894,1581742967,44.0044,-74.1112,0
2020-02-15 07:40:31,2022922764862306,legit_Store,shopping_net,39.57,Sample,User,M,1 Main St,Springfield,CA,78780,37.3481,-119.299,955904,Analyst,1973-01-04,t000895,1581752431,36.9661,-119.2163,0
2020-02-15 11:38:46,6190588434416954,legit_Store,entertainment,109.25,Sample,User,M,1 Main St,Springfield,TX,87165,43.9706,-120.32,1250853,Analyst,2004-07-24,t000896,1581766726,44.2634,-120.3538,0
2020-02-15 12:07:40,9572703498255600,legit_Store,shopping_net,12.24,Sample,User,F,1 Main St,Springfield,IL,95231,37.5915,-94.1381,1903442,Analyst,2007-08-07,t000897,1581768460,37.5743,-94.1086,0
2020-02-15 12:16:05,6190588434416954,legit_Store,travel,16.97,Sample,User,F,1 Main St,Springfield,CA,17910,45.8923,-112.0393,2784713,Analyst,1997-07-10,t000898,1581768965,45.9226,-112.0938,0
2020-02-15 14:25:17,8850530502959312,legit_Store,shopping_net,41.46,Sample,User,F,1 Main St,Springfield,FL,26066,36.7515,-92.3891,1489410,Analyst,1971-05-30,t000899,1581776717,36.7469,-92.068,0
2020-02-15 16:02:28,2148643081502707,legit_Store,entertainment,10.67,Sample,User,M,1 Main St,Springfield,FL,84257,34.9258,-83.7103,555721,Analyst,2008-10-14,t000900,1581782548,34.588,-83.0417,0
2020-02-15 16:27:46,6504799461833276,legit_Store,food_dining,81.2,Sample,User,M,1 Main St,Springfield,NY,37389,42.7734,-115.2326,2872389,Analyst,1991-12-25,t000901,1581784066,42.5721,-115.1787,0
2020-02-15 18:02:46,6814177925448492,legit_Store,travel,35.02,Sample,User,M,1 Main St,Springfield,TX,66297,35.2799,-100.4102,945640,Analyst,1983-02-16,t000902,1581789766,35.0937,-100.4122,0
2020-02-15 18:07:47,2952586134692342,legit_Store,entertainment,48.83,Sample,User,M,1 Main St,Springfield,IL,41350,46.2911,-88.2553,250501,Analyst,2016-09-12,t000903,1581790067,45.8695,-88.1786,0
2020-02-15 18:34:49,5139687185153460,legit_Store,shopping_net,50.21,Sample,User,M,1 Main St,Springfield,FL,29582,42.1778,-81.1407,1632944,Analyst,2012-05-09,t000904,1581791689,42.0265,-81.3381,0
2020-02-15 20:02:58,1496685615352971,legit_Store,grocery_pos,40.65,Sample,User,F,1 Main St,Springfield,IL,66247,36.232,-97.6791,2371853,Analyst,1991-09-12,t000905,1581796978,35.9077,-97.4496,0
2020-02-15 21:07:14,3263762355399028,legit_Store,entertainment,28.61,Sample,User,M,1 Main St,Springfield,TX,28496,35.9235,-111.8985,773541,Analyst,1991-11-05,t000906,1581800834,36.0968,-111.7661,0
2020-02-15 21:19:01,9941331295964880,legit_Store,gas_transport,78.49,Sample,User,M,1 Main St,Springfield,IL,22277,45.9343,-93.2958,837980,Analyst,2014-12-09,t000907,1581801541,46.1325,-93.422,0
2020-02-15 21:35:54,3990107358663351,legit_Store,misc_net,34.42,Sample,User,M,1 Main St,Springfield,FL,57740,41.51,-99.7287,868444,Analyst,1979-06-03,t000908,1581802554,41.1219,-99.458,0
2020-02-16 02:49:25,9248879179845191,legit_Store,shopping_net,49.71,Sample,User,M,1 Main St,Springfield,IL,27408,45.5123,-84.1757,2420201,Analyst,1990-02-27,t000909,1581821365,45.4233,-84.17,0
2020-02-16 02:51:08,8441077424332845,legit_Store,grocery_pos,70.09,Sample,User,M,1 Main St,Springfield,NY,27302,34.5432,-94.7768,2872221,Analyst,1998-02-10,t000910,1581821468,35.1,-95.0678,0
2020-02-16 07:41:52,9248879179845191,legit_Store,entertainment,116.5,Sample,User,F,1 Main St,Springfield,TX,80238,45.9555,-108.3083,2543313,Analyst,1987-02-01,t000911,1581838912,45.6613,-108.2028,0
2020-02-16 07:49:51,5344186512941160,legit_Store,gas_transport,110.39,Sample,User,F,1 Main St,Springfield,CA,57585,40.2807,-85.0347,679216,Analyst,1985-07-22,t000912,1581839391,40.4087,-84.9636,0
2020-02-16 07:50:09,1138743822553442,legit_Store,shopping_net,36.95,Sample,User,F,1 Main St,Springfield,NY,58784,42.3579,-96.6304,2547819,Analyst,1975-04-17,t000913,1581839409,42.3896,-96.3423,0
2020-02-16 08:11:17,2756656498603730,fraud_Kirlin,misc_net,229.97,Sample,User,M,1 Main St,Springfield,CA,22906,38.2203,-113.3002,929599,Analyst,1983-02-23,t000914,1581840677,33.0668,-112.5378,1
2020-02-16 09:01:47,8850530502959312,legit_Store,misc_net,132.57,Sample,User,M,1 Main St,Springfield,NY,24434,33.828,-94.4095,2600220,Analyst,1987-08-25,t000915,1581843707,33.9166,-94.4422,0
2020-02-16 10:09:28,9572703498255600,legit_Store,misc_net,34.27,Sample,User,M,1 Main St,Springfield,NY,45165,46.4116,-75.5323,2974187,Analyst,2011-04-10,t000916,1581847768,46.2822,-75.6739,0
2020-02-16 10:29:48,6504799461833276,legit_Store,grocery_pos,76.28,Sample,User,M,1 Main St,Springfield,IL,44958,46.9244,-87.4297,2154664,Analyst,1986-08-10,t000917,1581848988,46.9444,-87.4292,0
2020-02-16 11:01:22,8113878616361537,legit_Store,gas_transport,10.07,Sample,User,F,1 Main St,Springfield,TX,50646,38.1037,-107.3586,2865377,Analyst,1977-12-10,t000918,1581850882,38.1281,-107.2496,0
2020-02-16 11:02:37,1764780845341268,legit_Store,food_dining,6.13,Sample,User,M,1 Main St,Springfield,WA,22104,46.2142,-87.1672,428070,Analyst,2011-09-20,t000919,1581850957,46.1866,-87.0221,0
2020-02-16 11:27:30,4147592385620476,legit_Store,grocery_pos,56.54,Sample,User,F,1 Main St,Springfield,WA,90858,35.3482,-108.1523,1964832,Analyst,1987-05-04,t000920,1581852450,34.9524,-108.0619,0
2020-02-16 14:32:45,9284062461317298,legit_Store,shopping_net,44.71,Sample,User,M,1 Main St,Springfield,IL,42641,35.1656,-95.4082,156655,Analyst,2015-05-03,t000921,1581863565,35.5385,-95.4355,0
2020-02-16 15:22:26,8850530502959312,legit_Store,grocery_pos,90.36,Sample,User,M,1 Main St,Springfield,FL,83459,34.0236,-96.1968,1957104,Analyst,1975-05-17,t000922,1581866546,34.3435,-95.8978,0
2020-02-16 15:23:47,6814177925448492,legit_Store,shopping_net,28.89,Sample,User,F,1 Main St,Springfield,IL,46017,38.4778,-109.8778,1022954,Analyst,1971-01-30,t000923,1581866627,38.1645,-110.0801,0
2020-02-16 15:27:46,9572703498255600,legit_Store,entertainment,66.36,Sample,User,F,1 Main St,Springfield,TX,52495,33.7322,-104.9538,2909794,Analyst,2015-06-04,t000924,1581866866,33.642,-104.21,0
2020-02-16 16:32:16,1795362069921523,legit_Store,shopping_net,87.06,Sample,User,F,1 Main St,Springfield,FL,20089,38.5252,-75.8331,1485714,Analyst,1974-11-04,t000925,1581870736,38.4577,-75.6042,0
2020-02-16 16:52:20,7485271270668504,legit_Store,food_dining,29.88,Sample,User,F,1 Main St,Springfield,WA,70900,34.9375,-109.7207,2287560,Analyst,1970-06-03,t000926,1581871940,34.5905,-110.0589,0
2020-02-16 17:24:04,7485271270668504,legit_Store,gas_transport,41.43,Sample,User,M,1 Main St,Springfield,CA,15384,43.2274,-82.7497,908560,Analyst,2001-09-13,t000927,1581873844,42.6674,-82.6941,0
2020-02-16 17:45:17,1736823452344955,legit_Store,shopping_net,20.24,Sample,User,M,1 Main St,Springfield,CA,77308,44.6671,-89.2988,225529,Analyst,1985-08-20,t000928,1581875117,44.4659,-89.067,0
2020-02-16 18:26:51,1138743822553442,legit_Store,gas_transport,92.61,Sample,User,F,1 Main St,Springfield,CA,89343,42.6294,-95.9012,2226878,Analyst,1993-11-21,t000929,1581877611,42.5225,-96.006,0
2020-02-16 19:38:02,8850530502959312,legit_Store,shopping_net,79.2,Sample,User,M,1 Main St,Springfield,WA,42545,35.8069,-115.2618,665998,Analyst,1990-02-16,t000930,1581881882,35.3745,-115.7103,0
2020-02-16 20:02:12,1496685615352971,legit_Store,grocery_pos,83.38,Sample,User,M,1 Main St,Springfield,TX,89887,43.7359,-111.976,2167607,Analyst,1984-08-18,t000931,1581883332,43.789,-112.2878,0
2020-02-16 20:14:59,5257682981261171,legit_Store,gas_transport,44.57,Sample,User,M,1 Main St,Springfield,NY,72890,36.493,-113.2301,1394478,Analyst,1993-09-17,t000932,1581884099,36.8419,-113.0675,0
2020-02-16 21:03:48,7483596486795854,legit_Store,entertainment,78.25,Sample,User,F,1 Main St,Springfield,WA,10232,43.6328,-93.2471,2915801,Analyst,1982-10-23,t000933,1581887028,43.8855,-93.7735,0
2020-02-16 22:05:14,3263762355399028,legit_Store,food_dining,47.67,Sample,User,F,1 Main St,Springfield,CA,28260,40.9436,-74.3042,1058483,Analyst,1981-01-27,t000934,1581890714,40.9056,-74.739,0
2020-02-16 22:58:43,3990107358663351,legit_Store,gas_transport,147.67,Sample,User,F,1 Main St,Springfield,NY,67707,38.134,-79.0153,1202318,Analyst,1981-01-27,t000935,1581893923,37.5819,-78.8542,0
2020-02-16 23:08:19,7485271270668504,legit_Store,gas_transport,53.22,Sample,User,F,1 Main St,Springfield,TX,73148,34.1689,-120.7627,2221804,Analyst,1975-11-03,t000936,1581894499,34.3836,-120.8294,0
2020-02-16 23:27:45,9941331295964880,legit_Store,misc_net,106.12,Sample,User,M,1 Main St,Springfield,IL,18431,44.5851,-108.5874,2357397,Analyst,1995-11-24,t000937,1581895665,44.6291,-108.7961,0
2020-02-17 00:42:24,6253320506725128,legit_Store,gas_transport,44.76,Sample,User,F,1 Main St,Springfield,WA,71616,46.1551,-114.2944,378199,Analyst,1997-01-12,t000938,1581900144,46.2824,-114.4428,0
2020-02-17 00:48:48,5257682981261171,legit_Store,travel,127.55,Sample,User,M,1 Main St,Springfield,WA,82911,42.3228,-74.1918,2223858,Analyst,1970-11-11,t000939,1581900528,42.9037,-74.633,0
2020-02-17 01:04:35,9941331295964880,legit_Store,entertainment,27.3,Sample,User,M,1 Main St,Springfield,WA,18270,46.5036,-110.4551,1474827,Analyst,1992-08-24,t000940,1581901475,46.2561,-110.3098,0
2020-02-17 02:03:33,8088000790853405,legit_Store,misc_net,72.45,Sample,User,F,1 Main St,Springfield,NY,89159,46.0776,-112.1357,2966259,Analyst,2006-05-31,t000941,1581905013,45.2151,-112.3776,0
2020-02-17 03:55:57,3263762355399028,legit_Store,shopping_net,32.03,Sample,User,M,1 Main St,Springfield,TX,57976,35.7245,-91.5771,1893508,Analyst,1970-01-24,t000942,1581911757,35.4085,-91.7378,0
2020-02-17 05:10:15,1496685615352971,legit_Store,shopping_net,64.31,Sample,User,M,1 Main St,Springfield,IL,65494,43.237,-94.7469,2321072,Analyst,1984-10-20,t000943,1581916215,43.3828,-94.6428,0
2020-02-17 05:54:08,1496685615352971,legit_Store,shopping_net,34.4,Sample,User,F,1 Main St,Springfield,WA,14550,37.8903,-110.9333,1032372,Analyst,2017-05-11,t000944,1581918848,37.8983,-111.0103,0
2020-02-17 05:56:52,5852979641773284,legit_Store,misc_net,53.07,Sample,User,M,1 Main St,Springfield,FL,65183,39.8252,-89.1521,851440,Analyst,1991-01-13,t000945,1581919012,39.4606,-89.3635,0
2020-02-17 06:07:45,5139687185153460,legit_Store,travel,38.55,Sample,User,F,1 Main St,Springfield,CA,50902,35.1975,-117.2466,2355444,Analyst,1970-10-26,t000946,1581919665,34.7716,-117.8435,0
2020-02-17 10:39:45,3263762355399028,legit_Store,misc_net,84.93,Sample,User,M,1 Main St,Springfield,WA,43432,46.6469,-121.0509,46801,Analyst,1995-12-22,t000947,1581935985,46.5405,-120.9407,0
2020-02-17 12:26:35,5257682981261171,legit_Store,misc_net,74.61,Sample,User,F,1 Main St,Springfield,TX,80227,43.1659,-117.9617,1741725,Analyst,1990-03-31,t000948,1581942395,42.7921,-117.938,0
2020-02-17 14:50:05,3263762355399028,legit_Store,grocery_pos,31.1,Sample,User,M,1 Main St,Springfield,TX,32451,36.7367,-104.1215,2904530,Analyst,1980-06-01,t000949,1581951005,36.8929,-104.2767,0
2020-02-17 14:54:08,1736823452344955,legit_Store,shopping_net,30.37,Sample,User,F,1 Main St,Springfield,WA,15399,38.2006,-74.2242,2973544,Analyst,1973-08-14,t000950,1581951248,38.0772,-74.5354,0
2020-02-17 16:01:05,2148643081502707,legit_Store,food_dining,25.31,Sample,User,F,1 Main St,Springfield,TX,54933,38.9148,-95.1849,2148491,Analyst,2013-07-20,t000951,1581955265,38.7266,-95.1811,0
2020-02-17 16:57:55,5139687185153460,legit_Store,travel,21.15,Sample,User,M,1 Main St,Springfield,FL,76934,43.4655,-85.0184,1492428,Analyst,2010-01-22,t000952,1581958675,43.238,-84.8743,0
2020-02-17 18:16:52,9941331295964880,legit_Store,shopping_net,88.92,Sample,User,M,1 Main St,Springfield,CA,22034,45.9598,-106.2467,2438007,Analyst,2003-08-13,t000953,1581963412,46.0387,-106.2174,0
2020-02-17 19:24:59,5344186512941160,legit_Store,grocery_pos,24.08,Sample,User,M,1 Main St,Springfield,NY,98618,37.5002,-86.7524,44979,Analyst,1970-11-14,t000954,1581967499,37.5129,-86.261,0
2020-02-17 20:24:56,2148643081502707,legit_Store,food_dining,68.24,Sample,User,M,1 Main St,Springfield,FL,70499,39.615,-74.6571,2379939,Analyst,2012-11-21,t000955,1581971096,39.6756,-74.4457,0
2020-02-17 21:15:37,5612453486702081,legit_Store,entertainment,35.96,Sample,User,M,1 Main St,Springfield,IL,94064,41.3049,-104.4697,570733,Analyst,1993-04-29,t000956,1581974137,41.3589,-104.5019,0
2020-02-17 22:52:02,2022922764862306,legit_Store,travel,104.05,Sample,User,M,1 Main St,Springfield,WA,52307,38.5068,-73.0461,2207547,Analyst,1993-06-07,t000957,1581979922,38.4852,-72.8246,0
2020-02-17 22:54:44,8088000790853405,legit_Store,shopping_net,171.41,Sample,User,M,1 Main St,Springfield,TX,21087,40.0585,-90.7179,1044690,Analyst,2013-04-03,t000958,1581980084,39.7486,-90.7033,0
2020-02-17 23:48:48,2148643081502707,legit_Store,grocery_pos,1.37,Sample,User,F,1 Main St,Springfield,IL,25983,34.4799,-85.319,2254671,Analyst,1991-04-25,t000959,1581983328,34.2608,-85.3055,0
2020-02-18 01:15:18,8778151487528435,legit_Store,travel,27.0,Sample,User,F,1 Main St,Springfield,NY,55057,35.3474,-109.6438,1810268,Analyst,1981-08-22,t000960,1581988518,35.229,-109.2549,0
2020-02-18 01:16:23,8441077424332845,legit_Store,entertainment,35.48,Sample,User,F,1 Main St,Springfield,IL,62947,38.6154,-90.4886,2788445,Analyst,1981-09-08,t000961,1581988583,39.235,-90.758,0
2020-02-18 01:23:16,2756656498603730,legit_Store,food_dining,45.77,Sample,User,F,1 Main St,Springfield,TX,76071,45.8091,-96.9607,2362503,Analyst,2015-09-05,t000962,1581988996,45.4045,-96.9537,0
2020-02-18 02:00:02,9284062461317298,legit_Store,grocery_pos,43.62,Sample,User,F,1 Main St,Springfield,CA,81578,37.891,-75.1363,2742419,Analyst,1996-11-07,t000963,1581991202,37.7653,-74.7794,0
2020-02-18 02:08:01,3028210908533207,legit_Store,shopping_net,16.74,Sample,User,M,1 Main St,Springfield,CA,78645,36.4971,-77.6709,454542,Analyst,1998-07-13,t000964,1581991681,36.5266,-77.5782,0
2020-02-18 02:55:02,1736823452344955,legit_Store,shopping_net,173.7,Sample,User,F,1 Main St,Springfield,IL,62991,43.4001,-102.563,1138301,Analyst,1999-03-26,t000965,1581994502,43.3091,-102.6738,0
2020-02-18 02:57:57,9284062461317298,legit_Store,gas_transport,44.87,Sample,User,M,1 Main St,Springfield,FL,11624,46.2878,-75.6034,1312801,Analyst,1980-11-14,t000966,1581994677,46.61,-76.1152,0
2020-02-18 05:56:21,6253320506725128,legit_Store,food_dining,74.37,Sample,User,F,1 Main St,Springfield,CA,57668,39.4277,-78.6442,93853,Analyst,1990-09-11,t000967,1582005381,39.3352,-79.3253,0
2020-02-18 06:16:46,8850530502959312,legit_Store,gas_transport,75.99,Sample,User,F,1 Main St,Springfield,IL,83747,33.1205,-93.0712,69296,Analyst,2016-11-22,t000968,1582006606,33.0501,-92.4483,0
2020-02-18 06:19:27,8113878616361537,legit_Store,grocery_pos,13.27,Sample,User,M,1 Main St,Springfield,CA,86293,42.6341,-117.9762,117006,Analyst,1977-03-01,t000969,1582006767,42.8785,-117.8837,0
2020-02-18 06:51:38,5852979641773284,legit_Store,gas_transport,40.31,Sample,User,M,1 Main St,Springfield,TX,85100,38.8109,-114.1213,2301907,Analyst,2016-11-18,t000970,1582008698,39.3541,-114.2965,0
2020-02-18 10:42:05,6504799461833276,legit_Store,travel,88.92,Sample,User,M,1 Main St,Springfield,WA,10967,42.431,-118.2332,1340468,Analyst,1983-06-17,t000971,1582022525,42.8533,-118.1283,0
2020-02-18 11:52:55,9941331295964880,legit_Store,grocery_pos,133.0,Sample,User,M,1 Main St,Springfield,CA,49177,36.888,-116.7083,2255358,Analyst,1984-07-29,t000972,1582026775,36.847,-116.9926,0
2020-02-18 18:56:58,9572703498255600,legit_Store,entertainment,40.99,Sample,User,M,1 Main St,Springfield,IL,65506,33.0337,-74.1293,2505103,Analyst,1970-09-14,t000973,1582052218,33.0189,-74.2287,0
2020-02-18 20:11:21,6814177925448492,legit_Store,gas_transport,15.85,Sample,User,M,1 Main St,Springfield,WA,32275,37.8229,-111.6038,109297,Analyst,2002-09-16,t000974,1582056681,37.837,-111.8861,0
2020-02-18 21:04:45,6814177925448492,legit_Store,misc_net,33.08,Sample,User,M,1 Main St,Springfield,IL,46871,42.8671,-88.1481,2542986,Analyst,1985-09-23,t000975,1582059885,42.9112,-88.5721,0
2020-02-18 23:07:14,5612453486702081,legit_Store,shopping_net,39.61,Sample,User,M,1 Main St,Springfield,IL,18762,38.5036,-90.8101,677757,Analyst,1992-08-22,t000976,1582067234,38.2494,-91.4416,0
2020-02-18 23:51:32,5139687185153460,legit_Store,grocery_pos,38.43,Sample,User,F,1 Main St,Springfield,WA,27420,36.0684,-91.0739,1213764,Analyst,1998-08-15,t000977,1582069892,36.3494,-91.5532,0
2020-02-19 02:21:47,4147592385620476,legit_Store,gas_transport,25.34,Sample,User,M,1 Main St,Springfield,NY,10521,39.4961,-111.8715,2888810,Analyst,2001-04-03,t000978,1582078907,39.5581,-111.5651,0
2020-02-19 03:38:52,4545881467050858,legit_Store,entertainment,14.24,Sample,User,M,1 Main St,Springfield,NY,98161,43.5329,-93.612,905533,Analyst,2017-02-05,t000979,1582083532,43.5194,-93.9081,0
2020-02-19 06:34:20,2148643081502707,legit_Store,grocery_pos,20.06,Sample,User,F,1 Main St,Springfield,NY,87373,34.6721,-91.3486,2819613,Analyst,1997-05-22,t000980,1582094060,34.2907,-91.1882,0
2020-02-19 08:31:10,7485271270668504,legit_Store,shopping_net,33.32,Sample,User,F,1 Main St,Springfield,CA,46342,42.6845,-94.0501,1520297,Analyst,1978-10-08,t000981,1582101070,42.7032,-93.7631,0
2020-02-19 08:46:36,8850530502959312,legit_Store,entertainment,87.9,Sample,User,M,1 Main St,Springfield,FL,10389,42.3428,-112.878,41020,Analyst,2004-09-02,t000982,1582101996,41.7749,-112.8731,0
2020-02-19 09:16:29,6190588434416954,legit_Store,gas_transport,111.73,Sample,User,M,1 Main St,Springfield,CA,40173,38.1903,-86.57,2497797,Analyst,1972-09-25,t000983,1582103789,38.0158,-86.6596,0
2020-02-19 09:17:57,1496685615352971,legit_Store,gas_transport,57.48,Sample,User,M,1 Main St,Springfield,TX,49065,46.5847,-118.4111,133971,Analyst,2011-07-29,t000984,1582103877,46.4158,-118.3712,0
2020-02-19 09:18:12,1764780845341268,legit_Store,shopping_net,20.59,Sample,User,M,1 Main St,Springfield,FL,25210,45.5259,-93.0312,1909851,Analyst,1984-08-08,t000985,1582103892,45.612,-93.1562,0
2020-02-19 11:30:59,9572703498255600,legit_Store,food_dining,34.9,Sample,User,F,1 Main St,Springfield,FL,69550,37.4263,-100.6233,1375659,Analyst,2005-08-05,t000986,1582111859,37.9902,-100.2621,0
2020-02-19 12:34:31,5139687185153460,legit_Store,grocery_pos,6.49,Sample,User,M,1 Main St,Springfield,TX,99797,33.4353,-109.736,420277,Analyst,1977-09-23,t000987,1582115671,33.6068,-109.173,0
2020-02-19 13:51:37,2022922764862306,legit_Store,misc_net,134.7,Sample,User,M,1 Main St,Springfield,NY,85951,37.3163,-82.4379,1544322,Analyst,1990-01-16,t000988,1582120297,37.7508,-82.003,0
2020-02-19 15:07:47,6504799461833276,legit_Store,travel,30.59,Sample,User,M,1 Main St,Springfield,CA,87043,35.8661,-113.3813,1087339,Analyst,2004-04-11,t000989,1582124867,36.0597,-114.0267,0
2020-02-19 15:47:19,9248879179845191,legit_Store,misc_net,70.01,Sample,User,F,1 Main St,Springfield,IL,84783,40.6615,-76.2839,296477,Analyst,2000-08-15,t000990,1582127239,40.999,-76.415,0
2020-02-19 18:22:37,4545881467050858,legit_Store,misc_net,106.5,Sample,User,M,1 Main St,Springfield,TX,16297,45.8624,-78.6563,1666722,Analyst,1970-04-14,t000991,1582136557,46.4196,-78.6551,0
2020-02-19 18:53:50,6728159149816614,legit_Store,food_dining,159.75,Sample,User,M,1 Main St,Springfield,FL,59633,45.1847,-104.3312,132509,Analyst,1971-09-16,t000992,1582138430,44.9652,-104.1923,0
2020-02-19 20:48:08,6814177925448492,legit_Store,shopping_net,94.66,Sample,User,F,1 Main St,Springfield,FL,60917,37.2816,-107.0475,1615249,Analyst,2018-05-04,t000993,1582145288,37.0425,-107.5657,0
2020-02-19 22:15:10,8850530502959312,legit_Store,misc_net,38.24,Sample,User,F,1 Main St,Springfield,TX,19083,39.0004,-115.2632,678790,Analyst,1996-01-24,t000994,1582150510,39.201,-115.7862,0
2020-02-19 22:27:14,3263762355399028,legit_Store,food_dining,76.8,Sample,User,M,1 Main St,Springfield,WA,23265,33.5116,-77.0999,2492071,Analyst,2012-03-03,t000995,1582151234,33.5105,-76.7079,0
2020-02-19 22:50:31,5257682981261171,legit_Store,grocery_pos,155.9,Sample,User,F,1 Main St,Springfield,TX,60868,40.6183,-91.2509,2850821,Analyst,1973-08-01,t000996,1582152631,40.6844,-91.4187,0
2020-02-19 23:03:23,1736823452344955,legit_Store,entertainment,30.35,Sample,User,F,1 Main St,Springfield,TX,74419,33.8872,-120.4426,2796583,Analyst,1994-03-08,t000997,1582153403,33.8126,-120.8888,0
2020-02-20 00:10:49,5612453486702081,legit_Store,misc_net,13.52,Sample,User,M,1 Main St,Springfield,WA,28819,46.1405,-96.961,2813138,Analyst,1998-05-27,t000998,1582157449,45.9616,-97.2921,0
2020-02-20 04:11:34,5344186512941160,legit_Store,travel,25.51,Sample,User,F,1 Main St,Springfield,NY,53567,45.1371,-117.7959,302288,Analyst,2015-05-21,t000999,1582171894,45.6233,-117.6787,0
2020-02-20 04:16:41,7485271270668504,legit_Store,food_dining,73.22,Sample,User,M,1 Main St,Springfield,WA,16768,35.9986,-93.8862,1529757,Analyst,2005-01-07,t001000,1582172201,35.6687,-94.133,0
2020-02-20 05:07:51,5344186512941160,legit_Store,travel,39.03,Sample,User,M,1 Main St,Springfield,FL,19934,42.7912,-97.0609,673998,Analyst,2000-12-14,t001001,1582175271,42.9971,-96.9884,0
2020-02-20 05:49:50,9248879179845191,legit_Store,grocery_pos,49.4,Sample,User,F,1 Main St,Springfield,CA,62219,40.9523,-117.9405,291033,Analyst,1984-06-18,t001002,1582177790,41.1096,-118.2342,0
2020-02-20 06:41:29,1138743822553442,legit_Store,gas_transport,82.09,Sample,User,F,1 Main St,Springfield,WA,60132,44.219,-82.0228,1177078,Analyst,2018-12-22,t001003,1582180889,43.7453,-82.5461,0
2020-02-20 08:15:37,5852979641773284,legit_Store,travel,25.02,Sample,User,M,1 Main St,Springfield,WA,77506,39.6591,-109.1465,1288498,Analyst,1986-02-23,t001004,1582186537,39.4099,-108.7191,0
2020-02-20 08:24:37,1795362069921523,legit_Store,misc_net,47.56,Sample,User,M,1 Main St,Springfield,NY,91959,35.6848,-95.4673,889897,Analyst,1983-09-19,t001005,1582187077,35.486,-95.3478,0
2020-02-20 11:20:00,9284062461317298,legit_Store,food_dining,34.4,Sample,User,M,1 Main St,Springfield,IL,27099,41.9578,-90.6871,343381,Analyst,2005-09-01,t001006,1582197600,42.1272,-90.7872,0
2020-02-20 12:28:12,9416536213861522,legit_Store,entertainment,151.8,Sample,User,M,1 Main St,Springfield,CA,40707,34.1239,-74.8471,1225463,Analyst,2019-02-17,t001007,1582201692,34.0138,-75.0035,0
2020-02-20 14:23:05,3028210908533207,legit_Store,shopping_net,92.63,Sample,User,M,1 Main St,Springfield,NY,87027,41.1842,-97.8032,466926,Analyst,2012-03-24,t001008,1582208585,41.1586,-97.3638,0
2020-02-20 14:44:52,8850530502959312,legit_Store,grocery_pos,39.25,Sample,User,M,1 Main St,Springfield,IL,14572,35.9779,-77.0515,123122,Analyst,1978-11-19,t001009,1582209892,35.5406,-76.8741,0
2020-02-20 14:46:02,9941331295964880,legit_Store,grocery_pos,37.51,Sample,User,M,1 Main St,Springfield,IL,84544,42.5891,-104.612,1354457,Analyst,2010-03-08,t001010,1582209962,43.2869,-104.2679,0
2020-02-20 16:02:58,2003158103297896,legit_Store,food_dining,163.21,Sample,User,F,1 Main St,Springfield,WA,95067,44.5926,-79.9856,198973,Analyst,1987-06-02,t001011,1582214578,44.614,-80.1607,0
2020-02-20 17:56:51,2952586134692342,legit_Store,grocery_pos,154.52,Sample,User,F,1 Main St,Springfield,FL,18995,34.5333,-110.4445,2897914,Analyst,1980-12-09,t001012,1582221411,34.683,-110.4293,0
2020-02-20 18:15:03,4147592385620476,legit_Store,grocery_pos,72.87,Sample,User,F,1 Main St,Springfield,NY,22761,38.6038,-87.3335,2515246,Analyst,2016-02-04,t001013,1582222503,38.4416,-87.2128,0
2020-02-20 18:55:44,2756656498603730,legit_Store,gas_transport,51.16,Sample,User,M,1 Main St,Springfield,TX,71582,43.2693,-117.658,2777736,Analyst,2016-10-22,t001014,1582224944,43.0735,-117.823,0
2020-02-20 21:55:37,1795362069921523,legit_Store,travel,17.04,Sample,User,F,1 Main St,Springfield,FL,52754,35.2918,-73.6835,308642,Analyst,1988-04-05,t001015,1582235737,35.8656,-73.7122,0
2020-02-20 23:08:55,5612453486702081,legit_Store,entertainment,25.71,Sample,User,F,1 Main St,Springfield,CA,98882,40.9313,-75.2571,1395494,Analyst,1971-04-17,t001016,1582240135,40.3563,-75.4322,0
2020-02-20 23:11:12,2003158103297896,legit_Store,food_dining,15.81,Sample,User,F,1 Main St,Springfield,FL,59020,42.4057,-100.3315,2472401,Analyst,1980-05-05,t001017,1582240272,42.4893,-100.2118,0
2020-02-21 00:23:41,9248879179845191,legit_Store,entertainment,109.39,Sample,User,F,1 Main St,Springfield,CA,68958,37.9671,-96.3272,1727011,Analyst,1996-09-02,t001018,1582244621,37.6037,-96.7236,0
2020-02-21 00:46:06,1496685615352971,legit_Store,shopping_net,17.3,Sample,User,M,1 Main St,Springfield,CA,31337,44.6478,-92.709,920229,Analyst,1972-12-06,t001019,1582245966,44.5263,-92.5374,0
2020-02-21 01:37:43,9284062461317298,legit_Store,gas_transport,37.12,Sample,User,F,1 Main St,Springfield,NY,39203,40.1492,-108.5232,2494809,Analyst,1981-03-12,t001020,1582249063,39.9578,-108.4299,0
2020-02-21 01:37:46,6190588434416954,legit_Store,shopping_net,8.09,Sample,User,F,1 Main St,Springfield,NY,25967,41.7779,-88.9509,928360,Analyst,1977-05-05,t001021,1582249066,41.4821,-89.0119,0
2020-02-21 01:55:18,2148643081502707,legit_Store,shopping_net,12.17,Sample,User,M,1 Main St,Springfield,CA,23218,34.9722,-87.7705,2921513,Analyst,2016-12-02,t001022,1582250118,34.9829,-87.6356,0
2020-02-21 02:47:01,7485271270668504,legit_Store,travel,84.73,Sample,User,F,1 Main St,Springfield,IL,20182,33.3242,-96.2713,303140,Analyst,1987-07-05,t001023,1582253221,32.5538,-96.3807,0
2020-02-21 02:54:08,8113878616361537,legit_Store,travel,65.08,Sample,User,M,1 Main St,Springfield,WA,90347,33.7105,-114.7607,2118291,Analyst,1988-09-24,t001024,1582253648,33.6158,-114.9617,0
2020-02-21 04:00:17,6814177925448492,legit_Store,food_dining,52.57,Sample,User,M,1 Main St,Springfield,FL,16295,45.6549,-76.9599,40776,Analyst,1990-10-05,t001025,1582257617,45.6278,-76.7968,0
2020-02-21 04:48:58,1764780845341268,legit_Store,food_dining,37.68,Sample,User,M,1 Main St,Springfield,TX,56481,45.357,-116.3628,2742923,Analyst,1970-08-23,t001026,1582260538,44.9492,-116.1867,0
2020-02-21 04:51:07,2148643081502707,legit_Store,food_dining,10.57,Sample,User,M,1 Main St,Springfield,NY,55730,44.3063,-91.1706,1066510,Analyst,1996-09-25,t001027,1582260667,44.7602,-91.3227,0
2020-02-21 04:54:01,5612453486702081,legit_Store,entertainment,33.7,Sample,User,F,1 Main St,Springfield,IL,15031,35.7946,-116.9487,62163,Analyst,2014-12-20,t001028,1582260841,35.6162,-117.1266,0
2020-02-21 05:44:15,7483596486795854,legit_Store,food_dining,45.38,Sample,User,M,1 Main St,Springfield,WA,85781,40.3564,-114.8411,2506235,Analyst,2010-02-04,t001029,1582263855,40.2852,-114.896,0
2020-02-21 07:54:28,8441077424332845,legit_Store,grocery_pos,80.75,Sample,User,M,1 Main St,Springfield,WA,55061,44.1456,-120.9936,2902423,Analyst,1982-05-10,t001030,1582271668,43.968,-121.1592,0
2020-02-21 09:25:44,3028210908533207,legit_Store,grocery_pos,105.33,Sample,User,M,1 Main St,Springfield,TX,21408,42.4454,-104.1952,2759946,Analyst,1970-08-30,t001031,1582277144,42.4209,-103.7376,0
2020-02-21 09:31:28,5852979641773284,legit_Store,shopping_net,86.59,Sample,User,F,1 Main St,Springfield,CA,21583,34.6173,-90.6605,1457728,Analyst,2008-02-11,t001032,1582277488,35.0097,-90.5655,0
2020-02-21 10:54:13,1138743822553442,legit_Store,grocery_pos,64.8,Sample,User,F,1 Main St,Springfield,FL,73055,45.5376,-96.4443,185695,Analyst,2011-06-15,t001033,1582282453,46.2795,-96.44,0
2020-02-21 11:42:01,6728159149816614,legit_Store,misc_net,51.96,Sample,User,M,1 Main St,Springfield,TX,65771,35.2496,-88.9476,684085,Analyst,2015-06-05,t001034,1582285321,35.4732,-89.2274,0
2020-02-21 12:22:51,9416536213861522,legit_Store,gas_transport,60.21,Sample,User,M,1 Main St,Springfield,NY,47135,35.4051,-88.9241,93693,Analyst,1998-06-13,t001035,1582287771,35.7315,-88.7024,0
2020-02-21 12:56:07,1496685615352971,legit_Store,travel,31.86,Sample,User,M,1 Main St,Springfield,NY,46463,45.6141,-115.1315,133860,Analyst,1993-05-03,t001036,1582289767,46.129,-115.315,0
2020-02-21 15:13:14,9416536213861522,legit_Store,entertainment,55.37,Sample,User,M,1 Main St,Springfield,CA,13170,39.7846,-119.1905,477243,Analyst,2007-04-13,t001037,1582297994,39.8593,-119.3863,0
2020-02-21 15:18:28,5257682981261171,legit_Store,grocery_pos,45.18,Sample,User,M,1 Main St,Springfield,IL,12866,38.2205,-91.3575,1689919,Analyst,2004-01-09,t001038,1582298308,38.6916,-91.1257,0
2020-02-21 15:26:07,5257682981261171,legit_Store,entertainment,206.98,Sample,User,F,1 Main St,Springfield,CA,58236,40.7512,-89.992,2299103,Analyst,2007-04-22,t001039,1582298767,40.9889,-89.8758,0
2020-02-21 15:33:12,9284062461317298,legit_Store,food_dining,61.34,Sample,User,F,1 Main St,Springfield,WA,42728,46.7396,-94.7215,1754947,Analyst,1984-01-06,t001040,1582299192,46.7828,-95.4726,0
2020-02-21 18:22:51,6190588434416954,legit_Store,misc_net,5.85,Sample,User,F,1 Main St,Springfield,IL,32680,34.6748,-109.9576,615443,Analyst,2014-07-06,t001041,1582309371,34.7799,-110.005,0
2020-02-21 22:15:26,6504799461833276,legit_Store,travel,36.08,Sample,User,M,1 Main St,Springfield,CA,44118,43.5973,-82.2725,1805640,Analyst,1971-11-01,t001042,1582323326,43.0509,-82.2348,0
2020-02-21 22:25:28,6728159149816614,legit_Store,travel,41.38,Sample,User,F,1 Main St,Springfield,FL,64472,37.6806,-118.2914,693200,Analyst,1974-08-08,t001043,1582323928,37.7682,-118.3933,0
2020-02-22 00:11:38,1138743822553442,legit_Store,travel,94.79,Sample,User,M,1 Main St,Springfield,CA,36388,34.6387,-91.0167,1383826,Analyst,2002-04-08,t001044,1582330298,34.1756,-90.9686,0
2020-02-22 01:11:11,8113878616361537,legit_Store,grocery_pos,67.13,Sample,User,F,1 Main St,Springfield,WA,41438,38.9071,-116.0998,2666939,Analyst,1998-03-02,t001045,1582333871,38.4195,-116.6427,0
2020-02-22 01:32:38,2022922764862306,legit_Store,shopping_net,64.7,Sample,User,F,1 Main St,Springfield,FL,35451,40.6825,-89.9321,404495,Analyst,1997-04-22,t001046,1582335158,40.7404,-90.7814,0
2020-02-22 08:55:00,5139687185153460,legit_Store,food_dining,124.98,Sample,User,F,1 Main St,Springfield,CA,69980,35.8835,-101.5314,2624972,Analyst,2014-10-19,t001047,1582361700,35.5492,-101.8241,0
2020-02-22 10:23:57,6253320506725128,legit_Store,shopping_net,155.0,Sample,User,M,1 Main St,Springfield,WA,14930,38.6738,-86.813,813708,Analyst,2012-12-01,t001048,1582367037,38.6716,-86.7283,0
2020-02-22 11:00:45,2952586134692342,legit_Store,shopping_net,84.64,Sample,User,M,1 Main St,Springfield,WA,92664,41.8995,-119.4426,2011197,Analyst,2005-06-11,t001049,1582369245,41.941,-120.4101,0
2020-02-22 11:22:09,5612453486702081,legit_Store,misc_net,38.35,Sample,User,M,1 Main St,Springfield,IL,59905,41.0703,-94.8009,784565,Analyst,1978-02-12,t001050,1582370529,41.1252,-95.054,0
2020-02-22 11:23:17,9416536213861522,legit_Store,misc_net,39.29,Sample,User,F,1 Main St,Springfield,TX,32008,43.1242,-114.901,492877,Analyst,1974-10-05,t001051,1582370597,42.853,-115.4778,0
2020-02-22 12:00:25,5146285820020347,legit_Store,entertainment,114.39,Sample,User,F,1 Main St,Springfield,IL,78350,44.7097,-88.5633,1351758,Analyst,1976-11-20,t001052,1582372825,44.9793,-88.6361,0
2020-02-22 12:07:16,4925991034716655,legit_Store,grocery_pos,39.19,Sample,User,M,1 Main St,Springfield,FL,94584,38.728,-116.1222,1144066,Analyst,2000-04-04,t001053,1582373236,38.7012,-115.5348,0
2020-02-22 12:09:17,7483596486795854,legit_Store,food_dining,49.32,Sample,User,F,1 Main St,Springfield,FL,15238,38.9215,-118.3944,1522891,Analyst,2005-02-16,t001054,1582373357,39.0539,-118.4596,0
2020-02-22 14:27:48,5852979641773284,legit_Store,food_dining,35.45,Sample,User,M,1 Main St,Springfield,TX,28387,39.9537,-87.057,709296,Analyst,2009-06-02,t001055,1582381668,39.5948,-87.0892,0
2020-02-22 16:50:47,9572703498255600,legit_Store,grocery_pos,20.26,Sample,User,M,1 Main St,Springfield,NY,22952,40.9289,-118.8869,2935010,Analyst,1975-01-31,t001056,1582390247,40.8754,-118.6352,0
2020-02-22 17:51:32,3263762355399028,legit_Store,food_dining,196.56,Sample,User,F,1 Main St,Springfield,FL,16362,34.5165,-110.998,2015864,Analyst,1983-07-19,t001057,1582393892,34.8457,-110.9916,0
2020-02-22 18:02:52,2756656498603730,legit_Store,shopping_net,49.58,Sample,User,F,1 Main St,Springfield,WA,76483,37.3769,-81.588,2521962,Analyst,1986-08-29,t001058,1582394572,37.6679,-81.6525,0
2020-02-22 19:44:51,7483596486795854,legit_Store,misc_net,136.99,Sample,User,F,1 Main St,Springfield,CA,27342,35.4065,-82.3253,2340013,Analyst,2001-03-03,t001059,1582400691,35.1673,-82.0473,0
2020-02-22 20:41:30,6728159149816614,legit_Store,shopping_net,39.62,Sample,User,F,1 Main St,Springfield,TX,44518,38.4019,-80.1478,2172745,Analyst,1972-04-18,t001060,1582404090,38.2383,-80.0063,0
2020-02-23 01:10:11,6728159149816614,legit_Store,shopping_net,30.57,Sample,User,F,1 Main St,Springfield,CA,83341,46.627,-106.0211,427259,Analyst,2011-06-02,t001061,1582420211,46.3304,-105.9345,0
2020-02-23 02:10:57,1764780845341268,legit_Store,gas_transport,79.69,Sample,User,F,1 Main St,Springfield,TX,65058,41.1582,-96.1256,1764671,Analyst,1973-12-21,t001062,1582423857,40.9613,-96.1673,0
2020-02-23 04:25:12,5852979641773284,legit_Store,entertainment,105.03,Sample,User,M,1 Main St,Springfield,WA,70979,39.0113,-84.106,2693969,Analyst,1995-10-26,t001063,1582431912,38.5916,-84.2098,0
2020-02-23 04:38:34,2952586134692342,legit_Store,entertainment,109.65,Sample,User,F,1 Main St,Springfield,WA,18792,40.9231,-115.2877,289234,Analyst,2015-12-22,t001064,1582432714,40.8817,-115.0126,0
2020-02-23 06:06:08,5146285820020347,legit_Store,misc_net,44.91,Sample,User,F,1 Main St,Springfield,CA,97374,42.3671,-86.5048,1389014,Analyst,1979-07-28,t001065,1582437968,42.557,-86.6058,0
2020-02-23 06:42:14,5344186512941160,legit_Store,shopping_net,85.58,Sample,User,F,1 Main St,Springfield,WA,17444,39.0893,-117.2232,553828,Analyst,2003-11-15,t001066,1582440134,38.8538,-116.8538,0
2020-02-23 09:06:18,1138743822553442,legit_Store,entertainment,33.43,Sample,User,M,1 Main St,Springfield,CA,73883,39.2679,-77.2507,2385222,Analyst,1997-02-02,t001067,1582448778,39.2408,-77.5649,0
2020-02-23 09:37:40,6728159149816614,legit_Store,shopping_net,54.84,Sample,User,F,1 Main St,Springfield,CA,67549,42.8196,-90.7718,2794204,Analyst,2010-05-28,t001068,1582450660,42.7535,-90.3417,0
2020-02-23 10:44:28,1138743822553442,legit_Store,shopping_net,41.58,Sample,User,M,1 Main St,Springfield,IL,47136,33.8521,-97.828,155861,Analyst,1998-12-24,t001069,1582454668,34.1686,-97.6864,0
2020-02-23 12:00:54,8088000790853405,legit_Store,travel,36.73,Sample,User,M,1 Main St,Springfield,CA,85430,40.5611,-98.2483,2404232,Analyst,2011-10-21,t001070,1582459254,40.3777,-98.5388,0
2020-02-23 13:10:56,8088000790853405,legit_Store,travel,56.56,Sample,User,M,1 Main St,Springfield,NY,90317,40.6626,-113.1133,1082382,Analyst,1989-11-08,t001071,1582463456,40.49,-112.9606,0
2020-02-23 13:57:52,9248879179845191,legit_Store,misc_net,19.77,Sample,User,M,1 Main St,Springfield,CA,16324,43.5945,-105.05,2891731,Analyst,1978-01-29,t001072,1582466272,43.3407,-105.2451,0
2020-02-23 14:05:39,3990107358663351,legit_Store,food_dining,99.23,Sample,User,M,1 Main St,Springfield,FL,96230,46.757,-86.3709,45328,Analyst,2003-06-30,t001073,1582466739,46.4158,-86.3609,0
2020-02-23 14:33:47,1496685615352971,legit_Store,food_dining,36.85,Sample,User,M,1 Main St,Springfield,FL,31700,44.1406,-95.4938,575182,Analyst,2017-09-08,t001074,1582468427,44.2993,-95.6398,0
2020-02-23 17:42:51,9416536213861522,legit_Store,grocery_pos,96.04,Sample,User,M,1 Main St,Springfield,IL,81248,40.053,-96.064,2155735,Analyst,1991-05-10,t001075,1582479771,40.0125,-96.1039,0
2020-02-23 18:24:56,2952586134692342,legit_Store,entertainment,23.77,Sample,User,M,1 Main St,Springfield,IL,83866,35.3723,-112.433,2335452,Analyst,2010-05-30,t001076,1582482296,35.3888,-112.1505,0
2020-02-23 18:28:17,2148643081502707,legit_Store,food_dining,36.75,Sample,User,F,1 Main St,Springfield,WA,60097,41.2357,-88.1722,239273,Analyst,2013-03-29,t001077,1582482497,41.618,-88.0167,0
2020-02-23 19:40:31,8088000790853405,legit_Store,grocery_pos,19.7,Sample,User,F,1 Main St,Springfield,TX,87694,44.6802,-102.7903,481049,Analyst,2001-10-24,t001078,1582486831,45.0798,-103.1279,0
2020-02-23 19:43:41,6253320506725128,legit_Store,misc_net,19.02,Sample,User,M,1 Main St,Springfield,CA,84318,46.0538,-113.0451,1015519,Analyst,2009-01-05,t001079,1582487021,45.5599,-113.3655,0
2020-02-23 20:06:54,5257682981261171,legit_Store,food_dining,26.64,Sample,User,M,1 Main St,Springfield,IL,57036,44.5543,-75.7545,105435,Analyst,1997-09-29,t001080,1582488414,44.7487,-75.6733,0
2020-02-23 21:38:52,8113878616361537,legit_Store,travel,24.1,Sample,User,F,1 Main St,Springfield,FL,26113,35.6456,-97.1669,2345464,Analyst,2009-08-29,t001081,1582493932,35.7133,-97.0639,0
2020-02-24 02:21:51,5139687185153460,legit_Store,travel,19.86,Sample,User,F,1 Main St,Springfield,NY,49110,42.9761,-96.1262,2009295,Analyst,1986-07-27,t001082,1582510911,42.8376,-96.3285,0
2020-02-24 03:40:39,5852979641773284,legit_Store,entertainment,52.07,Sample,User,F,1 Main St,Springfield,FL,91030,45.3222,-73.9128,2247150,Analyst,1995-12-05,t001083,1582515639,45.4205,-73.4354,0
2020-02-24 03:44:50,7890921505852024,legit_Store,grocery_pos,78.61,Sample,User,M,1 Main St,Springfield,TX,28243,42.5342,-104.0461,1409374,Analyst,1973-11-01,t001084,1582515890,42.0163,-103.8021,0
2020-02-24 03:49:13,6504799461833276,legit_Store,grocery_pos,81.5,Sample,User,M,1 Main St,Springfield,TX,99959,42.6005,-75.792,1921228,Analyst,1979-09-05,t001085,1582516153,43.0393,-75.9797,0
2020-02-24 04:47:31,5257682981261171,legit_Store,food_dining,9.72,Sample,User,M,1 Main St,Springfield,TX,26353,40.0023,-87.9487,1718804,Analyst,1998-07-17,t001086,1582519651,40.1568,-88.1653,0
2020-02-24 05:43:17,7890921505852024,legit_Store,food_dining,41.37,Sample,User,F,1 Main St,Springfield,WA,69861,41.9177,-90.9783,2082367,Analyst,2005-09-13,t001087,1582522997,41.6581,-91.0467,0
2020-02-24 10:12:15,6190588434416954,legit_Store,gas_transport,38.19,Sample,User,M,1 Main St,Springfield,CA,67688,37.1213,-110.5135,1352316,Analyst,1971-06-20,t001088,1582539135,36.9457,-110.6131,0
2020-02-24 10:13:45,6728159149816614,legit_Store,grocery_pos,126.47,Sample,User,M,1 Main St,Springfield,IL,27629,34.2433,-119.464,1954042,Analyst,1973-05-25,t001089,1582539225,33.7324,-119.0871,0
2020-02-24 12:21:22,5257682981261171,legit_Store,gas_transport,42.64,Sample,User,M,1 Main St,Springfield,CA,52507,44.588,-100.5486,1936473,Analyst,1970-04-25,t001090,1582546882,44.4938,-100.2532,0
2020-02-24 13:03:11,6190588434416954,legit_Store,travel,48.84,Sample,User,F,1 Main St,Springfield,CA,22999,46.204,-121.5016,1924186,Analyst,1995-07-05,t001091,1582549391,46.0592,-121.4911,0
2020-02-24 13:45:18,1496685615352971,legit_Store,food_dining,13.84,Sample,User,F,1 Main St,Springfield,WA,42828,44.9955,-118.5209,2617519,Analyst,1986-07-10,t001092,1582551918,44.598,-118.3175,0
2020-02-24 14:52:14,8088000790853405,legit_Store,travel,26.04,Sample,User,M,1 Main St,Springfield,CA,96346,37.6748,-92.829,1049614,Analyst,1972-08-11,t001093,1582555934,37.9078,-92.5821,0
2020-02-24 15:19:08,2003158103297896,legit_Store,grocery_pos,12.99,Sample,User,F,1 Main St,Springfield,WA,14885,34.3094,-86.5009,2636847,Analyst,2009-02-10,t001094,1582557548,34.6925,-86.4834,0
2020-02-24 18:07:08,5612453486702081,legit_Store,entertainment,54.61,Sample,User,M,1 Main St,Springfield,WA,88420,36.9219,-113.7705,85468,Analyst,1996-01-16,t001095,1582567628,36.9137,-113.6497,0
2020-02-24 18:14:50,7483596486795854,legit_Store,travel,129.16,Sample,User,F,1 Main St,Springfield,TX,70975,44.7997,-86.1075,1459062,Analyst,1970-06-30,t001096,1582568090,44.708,-85.9292,0
2020-02-24 22:01:48,6190588434416954,legit_Store,shopping_net,26.83,Sample,User,M,1 Main St,Springfield,TX,77380,42.1814,-75.4634,1326035,Analyst,2003-10-21,t001097,1582581708,42.3119,-75.3172,0
2020-02-24 23:03:25,9284062461317298,fraud_Kirlin,food_dining,382.62,Sample,User,F,1 Main St,Springfield,IL,35390,46.5337,-85.5844,2604387,Analyst,2014-12-01,t001098,1582585405,49.8094,-83.2071,1
2020-02-24 23:32:28,4545881467050858,legit_Store,entertainment,24.23,Sample,User,F,1 Main St,Springfield,WA,95419,37.7975,-83.549,137333,Analyst,1990-08-29,t001099,1582587148,37.4729,-83.7523,0
2020-02-25 00:15:42,4925991034716655,legit_Store,grocery_pos,31.27,Sample,User,M,1 Main St,Springfield,FL,32806,40.7206,-87.6651,651038,Analyst,2016-10-19,t001100,1582589742,40.5248,-87.7517,0
2020-02-25 00:57:58,2003158103297896,legit_Store,shopping_net,55.47,Sample,User,M,1 Main St,Springfield,CA,55305,44.0605,-110.9879,1407133,Analyst,1990-07-19,t001101,1582592278,43.9716,-111.1999,0
2020-02-25 02:33:22,1496685615352971,legit_Store,gas_transport,170.41,Sample,User,M,1 Main St,Springfield,FL,13311,36.2759,-104.3164,2446534,Analyst,1973-10-25,t001102,1582598002,36.3503,-104.7583,0
2020-02-25 03:03:46,9248879179845191,legit_Store,grocery_pos,124.93,Sample,User,F,1 Main St,Springfield,CA,89896,46.4973,-75.4859,1392772,Analyst,1976-01-20,t001103,1582599826,46.5001,-75.2831,0
2020-02-25 03:06:19,2756656498603730,legit_Store,entertainment,149.76,Sample,User,F,1 Main St,Springfield,NY,73407,41.2936,-89.6007,1917208,Analyst,1973-04-20,t001104,1582599979,41.3567,-89.4968,0
2020-02-25 05:45:31,6253320506725128,legit_Store,travel,96.63,Sample,User,M,1 Main St,Springfield,WA,24653,33.1106,-83.3378,536985,Analyst,1984-11-16,t001105,1582609531,32.6531,-83.7396,0
2020-02-25 06:11:50,1736823452344955,legit_Store,grocery_pos,42.47,Sample,User,M,1 Main St,Springfield,TX,69588,33.3521,-74.534,2829940,Analyst,1988-12-19,t001106,1582611110,33.5517,-74.6062,0
2020-02-25 06:19:20,9248879179845191,legit_Store,misc_net,38.02,Sample,User,F,1 Main St,Springfield,IL,26452,45.351,-110.6596,2353000,Analyst,1991-11-23,t001107,1582611560,45.352,-110.7149,0
2020-02-25 07:28:03,1736823452344955,legit_Store,entertainment,26.97,Sample,User,F,1 Main St,Springfield,IL,49996,42.0339,-106.2374,129909,Analyst,1993-09-08,t001108,1582615683,42.7998,-106.1828,0
2020-02-25 10:14:52,4545881467050858,legit_Store,misc_net,41.94,Sample,User,M,1 Main St,Springfield,CA,56110,43.683,-90.4047,2112923,Analyst,2012-07-23,t001109,1582625692,43.5667,-90.7293,0
2020-02-25 10:22:45,6253320506725128,legit_Store,grocery_pos,130.38,Sample,User,M,1 Main St,Springfield,IL,93814,43.9762,-120.8065,389120,Analyst,1970-07-28,t001110,1582626165,44.0733,-121.2127,0
2020-02-25 11:34:13,5612453486702081,legit_Store,gas_transport,129.39,Sample,User,M,1 Main St,Springfield,IL,39925,38.8864,-94.0103,1679059,Analyst,2014-04-03,t001111,1582630453,39.7352,-93.8543,0
2020-02-25 11:43:26,1138743822553442,legit_Store,grocery_pos,212.18,Sample,User,M,1 Main St,Springfield,CA,11153,44.1806,-82.3743,2125620,Analyst,1981-10-10,t001112,1582631006,44.2388,-82.8345,0
2020-02-25 11:46:20,1795362069921523,legit_Store,travel,58.55,Sample,User,M,1 Main St,Springfield,TX,48926,46.1255,-92.0883,2777799,Analyst,2016-12-29,t001113,1582631180,46.1052,-92.1581,0
2020-02-25 12:10:22,8778151487528435,legit_Store,shopping_net,17.02,Sample,User,M,1 Main St,Springfield,IL,93388,35.4104,-107.5257,212445,Analyst,1976-08-29,t001114,1582632622,35.1143,-107.6236,0
2020-02-25 14:32:29,9941331295964880,legit_Store,travel,75.0,Sample,User,M,1 Main St,Springfield,CA,81836,43.6979,-86.5189,862274,Analyst,1974-12-10,t001115,1582641149,44.1564,-86.5559,0
2020-02-25 15:32:35,5257682981261171,legit_Store,entertainment,171.62,Sample,User,M,1 Main St,Springfield,CA,15316,37.3091,-114.8445,2071439,Analyst,1975-12-28,t001116,1582644755,36.9614,-114.7686,0
2020-02-25 15:41:24,9416536213861522,legit_Store,misc_net,141.84,Sample,User,F,1 Main St,Springfield,FL,14806,37.5009,-78.1561,786834,Analyst,1984-08-06,t001117,1582645284,37.629,-77.6765,0
2020-02-25 16:01:31,4545881467050858,legit_Store,travel,34.61,Sample,User,M,1 Main St,Springfield,IL,78113,38.7786,-117.0552,2138083,Analyst,2016-05-26,t001118,1582646491,38.6365,-117.535,0
2020-02-25 19:45:13,4147592385620476,legit_Store,gas_transport,18.59,Sample,User,F,1 Main St,Springfield,NY,74875,45.0921,-79.6889,551124,Analyst,1992-10-24,t001119,1582659913,45.0353,-79.426,0
2020-02-25 20:58:48,6253320506725128,legit_Store,gas_transport,18.11,Sample,User,F,1 Main St,Springfield,WA,60148,33.3088,-97.6073,491581,Analyst,1978-02-22,t001120,1582664328,32.8816,-98.361,0
2020-02-25 23:22:37,3028210908533207,legit_Store,food_dining,28.47,Sample,User,M,1 Main St,Springfield,WA,17940,39.075,-100.9963,1633774,Analyst,2001-08-17,t001121,1582672957,39.4779,-100.5782,0
2020-02-25 23:33:12,3028210908533207,legit_Store,shopping_net,32.22,Sample,User,F,1 Main St,Springfield,CA,35204,42.5207,-97.4676,2067613,Analyst,1995-01-14,t001122,1582673592,42.4373,-98.0804,0
2020-02-26 02:56:57,5257682981261171,legit_Store,misc_net,40.01,Sample,User,M,1 Main St,Springfield,NY,86274,34.5458,-112.1899,616866,Analyst,2004-08-20,t001123,1582685817,34.1813,-111.459,0
2020-02-26 03:44:59,2148643081502707,legit_Store,entertainment,82.1,Sample,User,F,1 Main St,Springfield,FL,22550,44.0916,-99.5734,2621988,Analyst,2006-07-18,t001124,1582688699,44.4674,-99.6903,0
2020-02-26 03:45:12,4147592385620476,legit_Store,travel,38.93,Sample,User,M,1 Main St,Springfield,TX,28170,46.1866,-80.3637,2606817,Analyst,2008-09-26,t001125,1582688712,46.0354,-79.9766,0
2020-02-26 03:54:09,3263762355399028,legit_Store,gas_transport,53.01,Sample,User,F,1 Main St,Springfield,NY,50696,34.2731,-82.7532,244531,Analyst,1977-06-15,t001126,1582689249,34.3735,-82.4279,0
2020-02-26 04:01:24,1736823452344955,legit_Store,travel,12.08,Sample,User,F,1 Main St,Springfield,NY,76143,35.1413,-114.0106,913625,Analyst,1994-06-09,t001127,1582689684,35.3937,-114.1416,0
2020-02-26 04:02:29,2756656498603730,legit_Store,travel,27.0,Sample,User,M,1 Main St,Springfield,FL,84542,46.6374,-89.0024,1668806,Analyst,2001-01-29,t001128,1582689749,46.7796,-89.1103,0
2020-02-26 05:00:39,8778151487528435,legit_Store,food_dining,25.94,Sample,User,F,1 Main St,Springfield,WA,63268,35.77,-80.015,1473302,Analyst,1997-06-06,t001129,1582693239,35.111,-80.2661,0
2020-02-26 06:28:12,3263762355399028,legit_Store,gas_transport,10.04,Sample,User,F,1 Main St,Springfield,TX,54323,34.1052,-81.8314,765719,Analyst,2017-12-06,t001130,1582698492,34.3138,-81.5952,0
2020-02-26 09:37:38,3263762355399028,legit_Store,grocery_pos,38.15,Sample,User,F,1 Main St,Springfield,IL,44705,46.3307,-101.144,1589002,Analyst,2017-05-04,t001131,1582709858,46.3005,-101.2711,0
2020-02-26 10:27:21,5612453486702081,legit_Store,grocery_pos,12.17,Sample,User,M,1 Main St,Springfield,WA,13933,45.4967,-119.6435,2888374,Analyst,2010-01-04,t001132,1582712841,45.398,-119.8891,0
2020-02-26 11:48:57,3263762355399028,legit_Store,entertainment,36.02,Sample,User,F,1 Main St,Springfield,TX,34077,42.1802,-76.3727,923631,Analyst,1981-10-30,t001133,1582717737,42.1474,-76.2115,0
2020-02-26 18:16:30,9284062461317298,legit_Store,misc_net,56.12,Sample,User,F,1 Main St,Springfield,WA,29327,40.72,-102.6016,657851,Analyst,1996-01-25,t001134,1582740990,40.237,-102.8708,0
2020-02-26 18:16:44,4147592385620476,legit_Store,travel,131.85,Sample,User,M,1 Main St,Springfield,TX,15171,45.8693,-104.3121,2215520,Analyst,2009-08-11,t001135,1582741004,45.9269,-104.4108,0
2020-02-26 20:27:04,5612453486702081,legit_Store,grocery_pos,24.8,Sample,User,M,1 Main St,Springfield,WA,77056,42.1773,-84.7838,1712462,Analyst,1983-03-22,t001136,1582748824,41.768,-84.7516,0
2020-02-26 22:21:19,1138743822553442,legit_Store,misc_net,54.96,Sample,User,M,1 Main St,Springfield,IL,41803,42.2176,-109.0654,2076526,Analyst,2005-01-29,t001137,1582755679,42.1318,-109.2581,0
2020-02-27 00:05:16,6814177925448492,legit_Store,gas_transport,30.17,Sample,User,M,1 Main St,Springfield,WA,55863,44.8116,-81.0974,1939489,Analyst,1982-04-13,t001138,1582761916,44.8585,-81.2448,0
2020-02-27 01:43:13,8850530502959312,legit_Store,travel,11.48,Sample,User,F,1 Main St,Springfield,CA,28047,42.1454,-118.2735,2282672,Analyst,1976-11-26,t001139,1582767793,42.4677,-117.813,0
2020-02-27 03:14:22,6814177925448492,legit_Store,grocery_pos,132.87,Sample,User,F,1 Main St,Springfield,CA,63210,40.0515,-85.7052,2188096,Analyst,1981-10-28,t001140,1582773262,39.8056,-85.7664,0
2020-02-27 04:10:30,2756656498603730,legit_Store,misc_net,58.02,Sample,User,M,1 Main St,Springfield,WA,22231,38.4561,-74.6763,1818155,Analyst,2015-08-29,t001141,1582776630,38.8916,-74.7842,0
2020-02-27 04:12:30,9572703498255600,legit_Store,travel,72.3,Sample,User,M,1 Main St,Springfield,IL,70995,40.0439,-73.2073,1364012,Analyst,2019-01-20,t001142,1582776750,40.3279,-73.2599,0
2020-02-27 04:19:07,8113878616361537,legit_Store,travel,147.4,Sample,User,M,1 Main St,Springfield,FL,76464,40.3147,-76.7336,1381086,Analyst,2012-02-26,t001143,1582777147,40.1859,-76.5972,0
2020-02-27 04:36:57,5139687185153460,legit_Store,travel,35.88,Sample,User,F,1 Main St,Springfield,NY,38028,38.0516,-79.3326,796881,Analyst,1983-05-15,t001144,1582778217,37.719,-79.6428,0
2020-02-27 07:03:13,4147592385620476,legit_Store,entertainment,16.2,Sample,User,M,1 Main St,Springfield,IL,29126,39.2737,-108.3349,1347302,Analyst,2008-06-01,t001145,1582786993,38.8405,-108.2067,0
2020-02-27 07:42:11,2756656498603730,legit_Store,gas_transport,24.49,Sample,User,F,1 Main St,Springfield,TX,80212,44.2262,-74.6342,1815414,Analyst,1980-10-03,t001146,1582789331,44.3077,-74.5575,0
2020-02-27 08:05:50,4925991034716655,legit_Store,grocery_pos,14.78,Sample,User,F,1 Main St,Springfield,NY,30084,38.8312,-76.5331,2149887,Analyst,1976-03-31,t001147,1582790750,38.61,-77.0697,0
2020-02-27 12:08:16,2952586134692342,legit_Store,misc_net,109.09,Sample,User,M,1 Main St,Springfield,TX,26039,33.3578,-95.8157,2318980,Analyst,1982-10-02,t001148,1582805296,33.7176,-95.2775,0
2020-02-27 12:19:30,1496685615352971,legit_Store,shopping_net,175.98,Sample,User,F,1 Main St,Springfield,NY,40642,36.9623,-102.2982,1131728,Analyst,1976-11-19,t001149,1582805970,36.7584,-101.86,0
2020-02-27 12:47:15,1496685615352971,legit_Store,shopping_net,55.67,Sample,User,F,1 Main St,Springfield,NY,96990,36.2444,-116.6459,2199140,Analyst,2001-07-26,t001150,1582807635,35.9742,-116.8861,0
2020-02-27 13:15:40,9941331295964880,legit_Store,grocery_pos,83.73,Sample,User,F,1 Main St,Springfield,NY,51638,44.1101,-93.0589,1312342,Analyst,2003-09-02,t001151,1582809340,44.1802,-93.3957,0
2020-02-27 13:26:18,1764780845341268,legit_Store,entertainment,99.43,Sample,User,F,1 Main St,Springfield,WA,33640,39.2901,-87.6732,1075705,Analyst,1971-10-04,t001152,1582809978,39.0843,-87.6048,0
2020-02-27 14:04:31,6504799461833276,legit_Store,misc_net,153.9,Sample,User,M,1 Main St,Springfield,CA,56233,36.9243,-102.2042,491849,Analyst,1975-04-15,t001153,1582812271,36.9269,-102.6319,0
2020-02-27 16:37:53,3990107358663351,legit_Store,grocery_pos,171.21,Sample,User,F,1 Main St,Springfield,TX,41355,44.3499,-102.1046,798387,Analyst,1993-08-11,t001154,1582821473,44.6457,-101.6953,0
2020-02-27 17:07:57,9941331295964880,legit_Store,travel,7.6,Sample,User,M,1 Main St,Springfield,NY,69808,33.269,-93.9077,2039211,Analyst,1975-08-02,t001155,1582823277,33.3042,-94.0483,0
2020-02-27 19:01:26,1764780845341268,legit_Store,misc_net,30.89,Sample,User,F,1 Main St,Springfield,FL,49495,35.4395,-120.6386,650097,Analyst,2010-10-25,t001156,1582830086,35.4758,-120.152,0
2020-02-27 23:22:26,1138743822553442,legit_Store,gas_transport,51.04,Sample,User,M,1 Main St,Springfield,IL,62966,44.5774,-75.0646,231697,Analyst,1989-09-23,t001157,1582845746,44.6389,-75.3119,0
2020-02-28 01:12:50,2952586134692342,legit_Store,shopping_net,27.79,Sample,User,F,1 Main St,Springfield,WA,49268,40.7091,-107.7946,816608,Analyst,1990-05-06,t001158,1582852370,40.2012,-107.8283,0
2020-02-28 03:36:50,9416536213861522,legit_Store,travel,40.82,Sample,User,F,1 Main St,Springfield,NY,53351,43.8311,-115.0963,2971545,Analyst,1970-04-07,t001159,1582861010,43.9486,-114.7162,0
2020-02-28 04:32:01,1736823452344955,legit_Store,food_dining,68.99,Sample,User,F,1 Main St,Springfield,FL,50243,44.7345,-121.7311,450177,Analyst,2004-07-27,t001160,1582864321,44.7824,-121.828,0
2020-02-28 05:48:18,1736823452344955,legit_Store,grocery_pos,67.65,Sample,User,M,1 Main St,Springfield,CA,45454,46.1875,-80.0123,432068,Analyst,2005-07-22,t001161,1582868898,46.4554,-79.9307,0
2020-02-28 07:25:48,3263762355399028,legit_Store,entertainment,97.23,Sample,User,M,1 Main St,Springfield,TX,96739,33.8879,-79.7028,1210121,Analyst,2007-04-11,t001162,1582874748,34.0697,-79.375,0
2020-02-28 12:51:27,6728159149816614,legit_Store,entertainment,51.91,Sample,User,F,1 Main St,Springfield,NY,33920,44.1893,-117.33,1149552,Analyst,1996-08-15,t001163,1582894287,44.1287,-117.4968,0
2020-02-28 12:53:46,1764780845341268,legit_Store,travel,3.49,Sample,User,F,1 Main St,Springfield,FL,82486,42.9227,-114.5402,2760979,Analyst,1983-04-14,t001164,1582894426,43.2324,-114.9187,0
2020-02-28 13:37:29,6190588434416954,legit_Store,travel,38.15,Sample,User,F,1 Main St,Springfield,TX,73894,35.8984,-100.0528,714104,Analyst,1973-11-08,t001165,1582897049,35.8106,-100.4904,0
2020-02-28 14:23:46,3028210908533207,legit_Store,food_dining,64.2,Sample,User,F,1 Main St,Springfield,WA,57516,46.0438,-112.9005,1252325,Analyst,1985-07-21,t001166,1582899826,46.118,-112.7255,0
2020-02-28 16:12:01,6253320506725128,legit_Store,entertainment,102.01,Sample,User,F,1 Main St,Springfield,FL,38574,38.6588,-85.9448,872683,Analyst,1996-10-15,t001167,1582906321,38.5655,-85.8281,0
2020-02-28 16:36:51,5612453486702081,legit_Store,misc_net,92.16,Sample,User,M,1 Main St,Springfield,IL,53543,45.4265,-119.1561,750426,Analyst,1975-10-01,t001168,1582907811,45.5651,-118.8376,0
2020-02-28 18:05:00,3263762355399028,legit_Store,travel,46.69,Sample,User,F,1 Main St,Springfield,CA,86461,41.4716,-95.0642,968037,Analyst,1972-08-31,t001169,1582913100,41.3586,-95.1465,0
2020-02-28 18:34:54,4147592385620476,legit_Store,travel,29.21,Sample,User,F,1 Main St,Springfield,IL,26374,40.3745,-103.2432,772085,Analyst,1980-09-10,t001170,1582914894,40.8687,-103.6724,0
2020-02-28 19:14:20,7485271270668504,legit_Store,travel,48.39,Sample,User,M,1 Main St,Springfield,WA,62754,35.2333,-99.2176,2155291,Analyst,1973-06-26,t001171,1582917260,35.8385,-99.9234,0
2020-02-28 19:29:41,2148643081502707,legit_Store,travel,9.02,Sample,User,M,1 Main St,Springfield,WA,78835,45.8006,-101.1869,2370596,Analyst,1970-09-13,t001172,1582918181,46.0628,-100.3265,0
2020-02-28 20:22:56,3028210908533207,legit_Store,entertainment,31.67,Sample,User,F,1 Main St,Springfield,WA,67054,40.7933,-114.4952,531071,Analyst,1993-12-04,t001173,1582921376,41.2557,-114.3371,0
2020-02-28 21:48:02,5852979641773284,legit_Store,travel,115.02,Sample,User,M,1 Main St,Springfield,CA,22973,33.0853,-111.2062,1488233,Analyst,2006-09-21,t001174,1582926482,32.6235,-111.1652,0
2020-02-28 22:36:28,1764780845341268,legit_Store,food_dining,48.27,Sample,User,M,1 Main St,Springfield,NY,55790,33.256,-118.8244,792305,Analyst,1994-08-19,t001175,1582929388,32.8296,-118.7408,0
2020-02-29 00:07:14,6253320506725128,legit_Store,gas_transport,66.2,Sample,User,F,1 Main St,Springfield,CA,26470,43.8869,-116.351,2602876,Analyst,1974-07-01,t001176,1582934834,43.7904,-116.7804,0
2020-02-29 01:46:43,4545881467050858,legit_Store,grocery_pos,14.16,Sample,User,F,1 Main St,Springfield,WA,93569,35.2671,-74.0832,304517,Analyst,1986-09-15,t001177,1582940803,35.2795,-74.3216,0
2020-02-29 01:47:32,4545881467050858,legit_Store,travel,101.54,Sample,User,M,1 Main St,Springfield,TX,41655,41.3823,-108.2904,1228076,Analyst,1971-10-02,t001178,1582940852,41.3229,-107.7674,0
2020-02-29 01:53:43,9941331295964880,legit_Store,misc_net,44.86,Sample,User,F,1 Main St,Springfield,TX,47943,42.5351,-106.9557,995048,Analyst,2000-08-22,t001179,1582941223,42.0425,-106.7582,0
2020-02-29 03:10:40,8088000790853405,legit_Store,travel,64.58,Sample,User,M,1 Main St,Springfield,FL,87174,36.9111,-115.7718,1091039,Analyst,1981-06-28,t001180,1582945840,37.2566,-116.0009,0
2020-02-29 04:44:57,8850530502959312,legit_Store,misc_net,75.04,Sample,User,F,1 Main St,Springfield,TX,48426,40.9704,-84.997,2823783,Analyst,1989-02-02,t001181,1582951497,41.6167,-85.365,0
2020-02-29 07:35:22,5612453486702081,legit_Store,misc_net,98.99,Sample,User,F,1 Main St,Springfield,FL,27454,36.3636,-76.717,1622751,Analyst,2014-06-15,t001182,1582961722,36.7479,-76.8717,0
2020-02-29 08:21:05,4545881467050858,fraud_Kirlin,food_dining,501.87,Sample,User,M,1 Main St,Springfield,IL,90370,46.2484,-83.3022,1140946,Analyst,1998-12-05,t001183,1582964465,48.3181,-88.2155,1
2020-02-29 10:03:47,1496685615352971,legit_Store,shopping_net,45.69,Sample,User,M,1 Main St,Springfield,NY,68318,45.0424,-91.9818,2424079,Analyst,2007-09-11,t001184,1582970627,45.1102,-91.3671,0
2020-02-29 10:09:33,6814177925448492,legit_Store,entertainment,17.48,Sample,User,F,1 Main St,Springfield,IL,64441,37.0326,-82.1516,2332237,Analyst,1987-03-29,t001185,1582970973,36.7797,-82.2081,0
2020-02-29 12:09:18,8088000790853405,legit_Store,misc_net,12.87,Sample,User,M,1 Main St,Springfield,FL,16802,40.4034,-102.1927,435303,Analyst,2015-11-13,t001186,1582978158,40.4252,-102.5496,0
2020-02-29 12:12:11,4147592385620476,legit_Store,entertainment,56.71,Sample,User,F,1 Main St,Springfield,TX,50422,40.0089,-79.8846,1385650,Analyst,2005-03-27,t001187,1582978331,40.6405,-79.9022,0
2020-02-29 12:32:25,2756656498603730,legit_Store,shopping_net,64.88,Sample,User,M,1 Main St,Springfield,IL,51337,46.4403,-82.8726,1236887,Analyst,1995-05-31,t001188,1582979545,46.3347,-82.7933,0
2020-02-29 13:01:14,8850530502959312,legit_Store,travel,72.79,Sample,User,F,1 Main St,Springfield,TX,33593,38.5164,-121.9155,1349349,Analyst,1998-07-20,t001189,1582981274,38.3799,-122.2997,0
2020-02-29 14:02:30,4147592385620476,legit_Store,shopping_net,24.94,Sample,User,F,1 Main St,Springfield,CA,60800,40.8712,-98.0981,1047391,Analyst,2000-09-17,t001190,1582984950,41.2034,-97.9774,0
2020-02-29 14:27:02,4147592385620476,legit_Store,grocery_pos,31.92,Sample,User,F,1 Main St,Springfield,NY,32053,46.0019,-109.0338,2472088,Analyst,1977-11-20,t001191,1582986422,46.354,-108.6711,0
2020-02-29 16:22:13,8850530502959312,legit_Store,food_dining,55.95,Sample,User,F,1 Main St,Springfield,IL,52384,35.2794,-117.7746,2987859,Analyst,1982-05-28,t001192,1582993333,35.025,-117.733,0
2020-02-29 17:28:07,7485271270668504,fraud_Kirlin,travel,27.18,Sample,User,F,1 Main St,Springfield,FL,82128,40.7068,-80.5364,81431,Analyst,2003-10-27,t001193,1582997287,43.6881,-78.9197,1
2020-02-29 19:43:47,5139687185153460,legit_Store,travel,223.58,Sample,User,M,1 Main St,Springfield,FL,76174,34.4794,-121.6105,2570082,Analyst,1991-09-22,t001194,1583005427,34.3288,-121.7691,0
2020-02-29 20:30:54,2022922764862306,legit_Store,grocery_pos,31.35,Sample,User,M,1 Main St,Springfield,WA,35151,41.645,-86.222,2594794,Analyst,2008-08-19,t001195,1583008254,41.6659,-86.7196,0
2020-02-29 21:59:51,9248879179845191,legit_Store,travel,68.14,Sample,User,M,1 Main St,Springfield,NY,28677,38.1196,-73.5786,1097428,Analyst,1995-12-01,t001196,1583013591,38.4507,-73.6187,0
2020-02-29 22:11:25,8778151487528435,legit_Store,misc_net,90.25,Sample,User,M,1 Main St,Springfield,CA,10516,46.5469,-98.381,1456140,Analyst,1973-03-31,t001197,1583014285,46.3057,-98.2878,0
2020-02-29 22:42:38,7890921505852024,legit_Store,food_dining,94.12,Sample,User,F,1 Main St,Springfield,TX,41099,38.8157,-103.8092,307108,Analyst,2002-10-06,t001198,1583016158,39.1426,-104.0782,0
2020-02-29 23:10:03,2003158103297896,legit_Store,entertainment,34.83,Sample,User,M,1 Main St,Springfield,IL,11751,34.9066,-92.3142,1054030,Analyst,2000-01-23,t001199,1583017803,34.9371,-91.7323,0
